Year,Length,Title,Subject,Actor,Actress,Director,Popularity,Awards,cluster
68,71,1486,2,33,0,8,68,0,1.0
69,73,680,2,74,0,8,68,0,1.0
61,64,389,6,713,1,158,79,0,2.0
57,82,362,0,137,1,404,6,0,0.0
56,54,383,4,266,1,435,14,0,0.0
61,100,1075,0,481,2,254,68,0,2.0
62,61,1448,0,138,2,416,14,0,2.0
67,59,88,4,53,3,624,28,0,2.0
63,64,1424,4,409,4,65,6,0,2.0
68,109,264,4,184,4,506,32,0,0.0
60,135,503,4,4,5,59,81,1,0.0
60,77,1515,4,695,6,64,17,0,2.0
44,63,19,4,701,6,398,46,1,0.0
64,72,20,4,701,6,398,49,0,2.0
44,63,1540,4,701,6,398,6,1,0.0
63,72,1077,4,12,7,548,39,1,2.0
54,110,875,4,329,8,380,51,0,0.0
7,44,196,8,428,9,299,2,0,0.0
41,69,435,2,720,10,229,62,0,1.0
66,70,1527,4,91,11,146,68,0,2.0
66,61,1310,2,493,12,196,15,0,2.0
59,76,1201,0,237,12,651,8,0,0.0
65,61,1275,10,626,13,252,31,0,2.0
69,65,1165,0,275,13,308,79,0,2.0
66,87,318,4,544,13,309,23,0,2.0
68,57,1653,4,110,14,538,80,0,2.0
66,68,968,4,14,15,644,53,0,2.0
58,161,650,6,236,16,687,88,0,0.0
67,48,526,8,265,17,656,88,0,2.0
57,70,1193,4,507,18,9,19,0,1.0
38,50,416,4,404,18,59,20,0,1.0
35,51,1607,4,647,18,59,42,1,1.0
34,56,1333,4,676,18,59,62,0,1.0
70,50,589,4,687,18,759,36,0,2.0
33,46,446,4,65,19,59,14,0,1.0
33,55,1026,4,65,19,59,38,0,1.0
40,51,1481,4,65,19,59,64,1,1.0
50,51,352,4,369,19,59,18,1,1.0
36,64,148,0,720,20,322,52,0,0.0
45,90,275,2,512,21,317,11,0,0.0
40,161,441,0,137,21,748,7,0,0.0
32,63,470,4,224,22,759,11,0,0.0
57,81,1453,2,479,23,204,60,0,1.0
61,78,923,2,590,23,204,67,0,2.0
44,136,658,4,676,23,297,8,0,0.0
44,85,1511,8,507,23,299,35,0,0.0
64,67,454,4,38,23,374,82,0,2.0
43,125,1380,7,557,23,741,59,1,0.0
63,16,613,2,129,23,759,88,0,2.0
62,100,1449,2,184,25,185,67,0,2.0
66,64,26,2,9,24,2,53,0,1.0
56,66,912,8,329,24,25,85,0,0.0
70,156,1501,7,166,24,596,5,0,0.0
56,68,181,8,196,26,349,19,0,0.0
70,55,64,4,293,27,700,3,0,2.0
65,80,507,8,195,28,429,61,0,2.0
70,77,1127,0,237,28,505,28,0,2.0
59,66,1626,4,184,29,696,82,0,2.0
70,57,714,8,623,30,314,68,0,2.0
69,75,152,12,686,31,759,68,0,2.0
2,70,1355,4,595,32,387,79,0,1.0
69,50,675,6,611,33,759,69,0,2.0
66,78,179,4,35,34,65,7,0,2.0
69,75,543,4,275,34,472,51,0,2.0
64,68,1063,2,601,34,549,52,0,2.0
63,57,57,2,200,34,620,81,0,2.0
63,64,413,2,569,34,626,41,0,2.0
49,62,25,2,460,35,457,83,0,0.0
37,51,809,0,686,36,688,11,0,0.0
4,86,434,0,36,37,159,55,0,0.0
65,62,132,4,405,38,32,79,1,2.0
67,78,1564,4,477,38,759,20,0,2.0
66,101,1483,0,137,39,749,8,0,2.0
4,26,884,8,127,40,299,76,0,0.0
66,63,116,8,704,41,192,75,0,2.0
52,88,1008,8,32,41,427,8,1,0.0
33,75,204,12,720,41,722,15,0,0.0
55,96,1389,0,481,42,249,27,0,0.0
66,60,1415,0,535,43,740,61,0,2.0
69,49,208,6,334,44,759,37,0,2.0
67,63,965,0,614,45,86,40,0,2.0
72,56,758,6,693,46,236,39,0,2.0
70,60,463,4,329,47,343,9,0,2.0
58,84,469,4,329,47,428,3,1,0.0
66,50,440,10,353,48,177,70,0,2.0
60,80,351,6,325,49,582,70,0,2.0
65,60,1291,4,186,50,239,6,0,2.0
49,61,602,4,85,51,723,62,0,0.0
35,59,907,2,264,52,5,25,0,1.0
47,46,1631,4,610,52,28,66,0,1.0
36,37,1467,2,89,52,75,37,0,1.0
37,50,1569,2,706,52,75,16,0,1.0
45,60,9,0,690,52,83,54,0,1.0
46,73,1339,14,137,52,191,0,0,0.0
42,62,330,4,534,52,255,81,0,1.0
43,60,394,2,491,52,375,71,0,1.0
40,94,37,4,458,52,436,30,0,0.0
42,59,1219,2,547,52,483,34,0,0.0
36,50,238,2,370,52,668,70,0,0.0
33,50,429,2,67,52,685,83,0,0.0
40,60,860,12,336,52,698,8,0,0.0
35,50,97,4,372,52,698,29,0,0.0
51,47,1004,4,610,52,698,39,0,0.0
65,57,1356,4,106,53,385,48,0,2.0
10,52,1241,4,384,54,299,57,0,1.0
65,64,877,0,665,55,607,9,0,2.0
60,75,456,10,716,56,651,8,1,0.0
70,61,337,4,106,57,38,44,0,1.0
66,43,1023,2,91,57,56,47,0,2.0
67,86,153,0,510,57,101,14,0,2.0
65,55,200,2,747,57,204,7,0,2.0
60,61,999,0,318,57,292,40,0,2.0
70,85,524,4,266,57,340,50,0,2.0
61,94,1038,0,137,57,362,8,0,2.0
64,77,1054,4,615,57,429,7,0,2.0
67,161,812,8,159,57,487,71,0,0.0
64,68,1060,4,266,57,526,11,0,2.0
69,76,940,2,31,57,563,84,0,2.0
68,83,970,6,107,58,566,48,1,2.0
24,53,356,4,15,59,59,66,0,1.0
62,55,1292,4,300,60,535,36,0,2.0
68,61,47,8,104,60,759,74,0,2.0
66,56,1388,4,294,61,199,52,0,2.0
67,63,1557,2,110,61,759,49,0,2.0
66,56,1051,0,312,62,453,0,0,2.0
68,87,1167,8,237,63,516,69,0,2.0
20,83,1222,4,720,64,178,59,0,1.0
50,60,1153,2,507,65,583,55,0,0.0
55,62,941,4,231,66,677,2,0,0.0
60,161,281,2,45,67,759,18,0,0.0
68,65,637,4,176,68,738,88,0,2.0
26,59,1318,8,579,69,387,31,0,0.0
23,63,1305,4,604,69,387,80,0,1.0
66,36,368,0,66,70,228,68,0,2.0
63,16,1269,2,102,71,759,79,0,2.0
60,135,580,4,394,72,25,7,1,0.0
53,80,1613,0,137,72,472,2,0,0.0
49,56,271,4,510,72,501,10,0,0.0
48,86,592,2,280,72,595,83,0,0.0
50,50,1304,4,7,73,723,55,0,0.0
13,35,338,2,2,74,1,72,0,1.0
56,57,129,4,64,74,59,49,1,1.0
22,74,586,4,80,74,160,25,1,1.0
36,60,741,4,283,74,194,1,0,1.0
19,35,1576,4,647,74,203,32,0,1.0
26,60,774,4,221,74,222,7,0,1.0
60,139,40,4,39,74,247,15,1,0.0
47,58,39,4,570,74,265,2,0,1.0
27,77,1542,4,147,74,299,74,0,1.0
24,61,1070,8,283,74,299,42,0,0.0
18,50,800,4,737,74,409,14,0,1.0
39,80,618,4,547,74,411,6,0,0.0
34,66,96,4,679,74,411,24,1,0.0
23,86,164,4,153,74,460,31,0,0.0
15,51,750,4,210,74,481,32,0,0.0
16,64,41,4,673,74,481,49,0,1.0
13,50,1438,4,729,74,481,88,0,1.0
17,47,1090,4,2,74,482,26,0,0.0
16,34,433,4,620,74,482,19,0,0.0
34,58,468,4,222,74,570,33,0,0.0
30,70,486,4,397,74,586,34,0,0.0
31,43,1570,4,621,74,586,57,0,0.0
32,41,512,4,738,74,586,69,0,0.0
28,67,1423,4,707,74,586,69,0,0.0
47,63,257,2,460,74,600,67,1,0.0
67,65,678,2,140,74,759,16,0,2.0
68,50,1528,4,696,74,759,16,0,2.0
65,51,1180,0,272,75,304,71,0,2.0
60,88,328,0,626,75,472,45,0,0.0
69,51,1220,8,236,75,547,88,0,2.0
48,54,1471,2,220,76,125,31,0,1.0
60,68,814,4,176,77,620,84,0,2.0
61,21,170,2,492,77,759,20,0,0.0
62,116,82,4,1,78,231,6,1,0.0
51,61,1593,0,590,79,604,54,0,0.0
66,125,1541,4,174,80,356,5,1,0.0
50,84,871,13,507,81,322,65,0,0.0
48,97,62,4,410,81,623,0,1,0.0
51,76,381,4,28,81,696,10,1,0.0
30,67,1324,2,444,82,59,66,0,1.0
54,76,251,6,581,83,161,35,0,0.0
47,54,457,4,233,83,309,36,0,1.0
69,58,536,4,510,83,557,2,0,2.0
52,104,382,4,671,83,611,81,0,0.0
42,72,612,0,137,84,278,77,0,0.0
55,77,491,6,103,85,80,29,0,0.0
31,22,1593,15,131,86,61,89,0,0.0
20,48,830,4,720,87,397,12,0,1.0
46,63,284,4,603,88,497,38,1,0.0
51,65,681,13,206,89,202,57,0,0.0
60,83,692,4,206,89,202,69,0,2.0
68,62,1050,6,152,90,41,72,0,2.0
65,58,1544,4,184,91,537,45,0,2.0
63,65,1553,4,469,91,701,49,0,2.0
71,21,188,2,145,92,759,13,0,2.0
52,49,985,2,125,93,251,83,0,1.0
71,25,779,2,129,93,759,62,0,2.0
36,61,946,2,547,94,17,67,0,1.0
59,89,548,0,481,95,254,86,0,0.0
6,99,1614,12,606,96,722,44,1,0.0
70,66,954,0,137,97,466,6,0,2.0
67,161,615,4,176,97,620,15,0,0.0
63,79,817,4,345,98,34,10,1,2.0
68,81,1266,0,206,98,202,48,0,2.0
51,89,1413,4,507,99,297,83,1,1.0
36,56,1512,12,236,100,534,50,0,0.0
64,61,748,4,536,101,594,45,0,2.0
68,95,366,4,184,102,559,76,0,2.0
26,70,225,4,223,103,227,73,0,1.0
65,51,532,2,330,104,328,66,0,2.0
43,83,996,4,83,105,728,9,0,0.0
58,64,570,4,27,106,59,58,0,1.0
66,80,560,8,237,107,541,17,0,2.0
56,74,319,10,195,108,156,64,0,0.0
66,77,388,4,349,108,158,29,0,2.0
66,50,611,0,728,109,384,13,0,2.0
51,82,492,6,676,110,241,28,1,0.0
53,72,67,2,400,110,759,82,1,0.0
60,54,495,4,69,111,368,70,0,2.0
30,69,1586,12,111,112,229,4,0,0.0
32,8,738,11,175,113,13,62,0,0.0
67,74,1308,2,228,114,396,18,0,2.0
68,62,478,4,315,115,107,6,0,2.0
49,58,99,8,137,115,427,1,0,0.0
61,11,508,2,529,116,127,28,0,2.0
67,40,1363,4,60,117,60,19,0,2.0
65,51,1189,13,213,118,171,40,0,0.0
62,54,165,2,479,118,324,75,0,2.0
62,59,448,10,568,118,590,63,0,2.0
67,85,192,0,195,118,621,73,0,2.0
41,98,2,4,458,119,213,80,1,0.0
13,24,1087,6,242,120,104,33,0,1.0
66,63,1641,4,684,121,200,71,0,2.0
44,127,757,12,42,122,131,63,0,0.0
52,158,1186,4,329,122,267,28,1,0.0
55,64,758,6,410,123,675,54,0,0.0
61,64,176,4,112,124,432,51,0,2.0
14,44,1317,8,430,125,299,50,0,0.0
64,31,1116,2,440,126,759,40,0,2.0
50,31,180,0,385,127,682,50,0,0.0
65,79,558,8,112,128,432,14,0,2.0
68,67,634,2,251,129,167,61,0,2.0
60,52,505,2,544,129,286,65,0,2.0
65,161,933,2,462,130,259,23,0,0.0
55,51,1196,6,480,131,158,34,0,0.0
68,161,1122,2,631,132,204,32,0,0.0
67,50,1556,0,551,133,384,15,0,2.0
48,4,213,2,415,134,759,22,0,0.0
21,59,414,0,604,135,627,87,0,0.0
70,59,1121,2,686,136,560,85,0,2.0
67,73,1530,8,438,137,428,86,0,2.0
65,63,995,2,109,138,339,6,1,2.0
65,79,1622,2,510,138,474,8,0,2.0
57,88,994,0,481,139,249,32,0,0.0
62,66,157,4,173,140,390,72,0,2.0
64,48,1277,2,354,140,759,16,0,2.0
67,50,1039,4,412,141,574,77,0,2.0
53,69,1340,2,40,142,23,69,1,1.0
63,71,1164,4,294,142,427,43,0,2.0
43,82,379,4,310,142,611,44,1,0.0
41,80,1539,4,83,143,207,63,0,1.0
9,28,85,2,608,144,680,66,0,0.0
9,70,187,13,720,144,710,22,0,0.0
45,71,690,13,507,145,576,50,0,0.0
46,63,334,0,206,146,639,57,0,0.0
67,51,1132,2,543,147,529,12,0,2.0
65,78,1353,4,552,148,374,7,0,2.0
58,51,760,2,195,148,718,0,0,0.0
66,79,371,4,443,149,239,77,0,2.0
68,71,1239,4,349,149,616,73,1,2.0
69,79,956,2,19,149,669,74,0,2.0
24,65,1502,4,727,150,759,65,0,0.0
65,61,873,2,113,151,166,20,0,2.0
26,41,1268,4,662,152,299,39,0,1.0
40,51,1250,2,328,153,519,37,0,0.0
67,68,1347,2,141,154,249,51,0,2.0
70,95,302,4,674,154,341,87,0,2.0
44,59,114,13,83,155,243,15,0,0.0
64,48,1329,2,691,156,212,49,0,2.0
69,56,665,4,76,157,36,72,0,1.0
39,26,1503,2,421,158,146,4,0,1.0
68,70,1592,1,206,159,202,66,0,2.0
40,70,1428,4,402,160,83,11,1,1.0
67,50,1184,10,418,161,613,20,0,2.0
69,55,1045,6,466,162,651,31,0,2.0
67,63,1138,6,292,163,385,27,0,2.0
70,21,87,7,553,164,712,13,0,2.0
55,83,1364,2,507,165,297,82,0,1.0
65,69,1074,2,359,166,9,3,0,2.0
66,68,14,2,129,167,155,7,1,2.0
32,56,17,2,65,170,59,48,0,1.0
35,42,240,4,369,170,59,57,0,1.0
64,80,171,4,16,171,51,71,0,2.0
57,82,641,7,623,168,231,67,0,0.0
67,57,1032,2,126,168,598,81,0,2.0
52,84,406,1,653,172,381,81,1,0.0
68,66,66,2,31,173,7,22,0,1.0
58,50,519,8,331,169,29,74,0,0.0
68,54,1371,4,398,169,744,35,0,2.0
49,34,1133,4,636,174,146,36,0,1.0
47,88,1525,13,720,174,285,77,1,0.0
20,3,154,12,151,175,229,75,0,0.0
26,63,1478,13,720,175,229,72,0,0.0
43,93,720,8,147,176,3,89,2,0.0
24,70,34,4,236,176,62,20,0,1.0
17,56,1078,4,88,176,260,18,0,1.0
28,98,73,4,621,176,440,23,1,0.0
64,56,545,6,276,177,158,33,0,2.0
68,49,1190,2,493,177,237,24,0,2.0
66,53,836,6,285,178,596,16,0,2.0
67,64,1205,4,316,178,596,53,0,2.0
34,80,921,8,662,179,299,15,0,0.0
70,50,158,10,448,180,132,14,0,2.0
18,80,550,8,464,181,299,61,0,0.0
27,75,669,4,594,182,745,81,1,0.0
64,80,231,4,702,185,114,25,0,2.0
53,49,1461,0,137,186,743,4,0,0.0
20,45,1590,4,720,187,26,36,0,1.0
67,80,427,4,5,188,396,5,0,2.0
68,53,340,4,84,188,528,33,0,2.0
45,50,472,4,54,189,729,28,0,0.0
70,46,718,0,722,190,99,16,0,2.0
65,46,498,0,239,190,759,24,0,2.0
67,55,1214,0,481,191,759,83,0,2.0
61,59,1247,2,156,183,91,28,0,2.0
58,63,724,4,184,192,63,40,0,1.0
64,68,898,4,409,192,121,15,0,2.0
61,74,858,8,477,192,138,15,0,2.0
59,95,294,0,477,192,148,87,0,0.0
55,67,937,12,294,192,572,59,0,0.0
58,95,840,4,184,192,696,66,0,0.0
64,80,769,4,477,193,63,87,1,2.0
67,87,506,4,507,194,341,86,0,2.0
68,85,1609,4,110,194,428,6,0,2.0
67,73,502,0,137,184,427,5,0,2.0
66,63,1394,4,528,184,468,19,0,2.0
59,54,892,10,226,195,156,62,0,0.0
67,49,528,0,295,196,334,10,0,2.0
68,17,167,2,11,196,759,12,0,2.0
18,43,1331,4,720,197,244,24,0,1.0
39,136,795,4,698,197,377,39,1,0.0
67,21,969,2,685,198,759,12,0,2.0
68,57,1071,2,634,199,759,72,0,2.0
65,90,1615,4,253,200,723,71,0,2.0
69,116,1550,4,345,200,723,57,0,0.0
65,78,276,4,581,201,580,41,0,2.0
71,7,65,8,322,202,759,60,0,2.0
69,59,405,2,47,203,110,78,0,1.0
57,70,628,8,137,204,156,7,0,0.0
69,70,649,4,237,204,326,81,0,2.0
69,62,712,4,329,204,697,33,0,2.0
24,57,1013,13,232,205,229,12,0,0.0
28,46,1572,13,361,206,229,30,0,0.0
27,53,1341,13,720,206,229,84,0,0.0
63,50,504,2,332,207,467,82,0,2.0
64,47,983,2,284,208,163,39,0,2.0
70,45,437,4,207,209,373,69,0,2.0
54,76,1036,2,224,209,427,48,1,0.0
52,91,292,4,510,209,541,55,1,0.0
53,77,1477,4,578,209,542,87,0,0.0
55,94,1571,4,676,209,583,34,0,0.0
65,57,149,4,615,209,616,23,0,2.0
68,64,1574,4,447,209,759,20,0,2.0
25,78,872,2,560,210,162,10,0,1.0
21,161,16,4,698,210,222,42,0,0.0
52,77,1405,4,42,211,571,1,0,0.0
59,77,1488,2,129,212,251,5,0,2.0
58,104,1345,6,510,212,379,32,0,0.0
23,51,538,13,720,213,352,54,0,0.0
71,52,1028,2,631,214,759,34,0,2.0
57,52,243,6,581,215,158,51,0,0.0
48,83,980,0,137,215,576,3,0,0.0
62,65,174,2,492,216,89,41,0,2.0
69,46,201,8,703,216,553,64,0,2.0
39,100,826,4,458,217,213,20,0,0.0
44,63,59,2,631,218,175,60,0,1.0
52,87,929,0,481,218,278,41,0,0.0
63,56,936,0,687,218,291,45,0,2.0
45,63,218,2,631,218,522,80,0,0.0
71,14,178,7,46,219,759,48,0,2.0
70,57,806,8,350,220,740,8,0,2.0
65,54,802,4,414,221,614,41,0,2.0
65,54,265,4,204,222,112,38,0,2.0
34,61,792,4,236,223,169,32,0,1.0
63,44,1185,2,5,224,7,20,1,1.0
62,45,241,2,11,224,7,14,0,1.0
70,68,719,2,11,224,7,80,0,1.0
64,63,647,2,112,224,7,8,1,2.0
57,75,715,0,598,224,695,8,0,0.0
64,55,173,4,515,225,31,52,0,2.0
59,56,268,2,590,225,493,80,0,2.0
14,30,438,2,517,226,136,28,0,1.0
56,160,689,4,75,227,120,1,0,0.0
68,63,962,10,357,228,39,47,0,2.0
70,50,422,4,731,228,419,67,0,2.0
66,55,621,0,581,229,364,2,0,2.0
65,55,1434,2,112,230,52,84,0,1.0
62,72,1145,4,306,230,56,83,1,2.0
69,66,1068,4,476,230,248,55,0,2.0
55,73,677,4,751,230,349,17,0,0.0
59,76,44,4,507,230,542,76,0,0.0
57,70,1064,4,90,230,576,64,1,0.0
67,78,1407,4,648,230,585,66,0,2.0
67,61,247,2,302,231,167,42,0,2.0
58,84,473,10,299,231,362,33,0,0.0
55,81,1399,10,299,231,423,44,0,0.0
61,92,1236,10,299,231,447,4,0,0.0
69,64,662,4,199,232,119,72,0,2.0
34,59,1366,0,541,233,201,52,0,1.0
35,80,638,13,410,233,667,84,0,0.0
9,161,1211,13,720,234,395,51,0,0.0
68,49,211,2,183,235,648,79,0,2.0
50,89,1260,4,278,236,213,75,0,1.0
57,82,291,4,195,237,92,43,0,1.0
64,60,997,8,91,237,427,6,0,2.0
49,74,820,4,671,237,516,15,1,0.0
57,73,467,2,578,237,542,34,0,0.0
43,57,277,2,455,237,642,62,1,0.0
69,161,324,4,709,237,759,1,1,0.0
18,90,1224,4,527,238,299,78,1,1.0
22,56,766,4,727,238,660,44,0,0.0
51,47,1391,0,575,239,638,31,0,0.0
70,45,1027,8,375,240,257,26,0,2.0
67,43,1422,8,431,240,591,80,0,2.0
68,54,1202,8,635,240,654,10,0,2.0
61,55,1555,2,110,241,142,30,0,2.0
69,78,1358,8,329,242,184,8,1,2.0
66,58,1406,4,305,242,351,76,0,2.0
50,52,1030,2,195,242,461,33,0,0.0
66,161,535,4,600,242,759,88,0,0.0
33,161,195,4,236,243,96,66,0,0.0
67,63,1015,4,174,244,633,32,1,2.0
65,52,136,2,29,245,300,45,0,2.0
12,45,1111,4,452,246,76,57,0,1.0
9,34,747,4,18,246,97,66,0,1.0
8,52,103,4,59,246,97,0,0,1.0
4,69,542,4,269,246,97,72,0,1.0
6,50,1629,4,269,246,97,83,0,1.0
13,56,104,4,449,246,97,35,1,1.0
14,70,263,4,686,246,160,74,0,1.0
9,51,944,4,516,246,220,67,0,1.0
7,60,1605,4,666,246,238,70,0,1.0
10,72,624,4,36,246,260,81,1,1.0
9,44,1437,4,296,246,401,64,0,1.0
17,68,1059,2,194,246,422,40,0,0.0
11,57,1188,4,269,246,438,82,0,1.0
6,56,1018,4,496,246,500,72,0,1.0
3,85,791,4,669,246,515,73,0,1.0
7,34,1361,4,24,246,577,73,0,0.0
10,31,121,4,194,246,759,85,0,0.0
8,36,1261,4,666,246,759,62,0,0.0
40,65,5,4,410,247,113,60,0,1.0
60,76,1505,2,323,248,542,8,1,2.0
67,46,867,2,196,248,550,88,0,2.0
31,80,799,4,83,249,440,50,0,0.0
57,80,1055,2,44,250,651,24,0,0.0
53,84,767,0,624,250,651,6,0,0.0
65,53,700,4,162,251,410,44,0,2.0
67,80,1523,4,163,251,747,49,0,2.0
53,71,235,4,720,252,294,64,0,1.0
57,49,245,2,184,253,70,75,0,1.0
64,82,1290,4,754,254,663,77,0,2.0
37,62,696,13,720,255,229,76,0,0.0
32,68,889,0,508,256,284,56,0,0.0
39,94,721,4,507,257,587,43,1,0.0
61,69,1396,4,195,258,325,3,0,2.0
66,60,304,4,531,259,489,60,0,2.0
65,62,248,2,277,259,735,44,0,2.0
64,80,323,2,158,259,759,69,0,2.0
56,77,209,4,656,260,489,11,0,0.0
66,94,1203,4,323,261,405,8,1,2.0
44,55,942,4,420,262,255,20,0,1.0
42,12,1102,10,549,263,653,27,0,0.0
66,161,919,6,160,263,759,62,0,0.0
57,129,843,13,534,264,161,62,0,0.0
69,161,1600,2,409,265,759,74,0,0.0
10,26,1072,3,425,266,299,66,0,1.0
64,80,932,4,550,267,444,19,0,2.0
68,86,221,4,302,268,174,82,0,2.0
66,75,1634,2,237,268,501,25,0,2.0
70,93,1346,8,195,268,628,11,0,2.0
69,36,1367,6,128,269,759,40,0,2.0
66,59,1497,2,677,270,382,2,0,2.0
69,96,1457,0,626,271,105,8,0,2.0
62,68,1458,0,626,271,105,17,0,2.0
64,65,813,0,388,271,271,20,0,2.0
47,85,1476,2,161,272,759,59,0,0.0
69,134,125,4,52,273,34,81,0,0.0
68,161,349,2,479,273,67,61,0,0.0
70,59,957,2,126,273,111,58,0,1.0
63,60,303,4,586,273,118,73,0,2.0
61,42,527,6,757,273,170,24,0,2.0
62,53,1227,4,569,273,225,14,0,2.0
67,161,682,2,521,273,346,53,0,0.0
65,67,1270,2,454,273,610,66,0,2.0
60,77,197,0,237,273,621,1,0,0.0
65,86,1575,4,195,273,663,6,1,2.0
70,71,1158,4,615,273,759,58,0,2.0
67,49,58,4,76,274,759,59,0,2.0
16,157,539,13,99,275,678,82,0,0.0
14,49,870,2,560,276,140,86,0,1.0
54,59,745,4,196,277,103,85,0,1.0
66,48,215,4,465,277,383,65,0,2.0
61,53,1454,4,202,278,57,61,1,1.0
65,56,1053,4,271,279,42,5,0,2.0
67,47,1563,6,754,280,158,36,0,2.0
69,56,753,8,619,280,304,23,0,2.0
64,70,683,10,409,281,488,8,0,2.0
65,53,219,0,733,282,759,51,0,2.0
67,64,1446,0,658,283,374,9,0,2.0
48,54,1468,2,631,284,82,41,0,1.0
62,60,1442,4,618,284,184,81,0,2.0
56,72,555,2,126,284,296,46,0,1.0
60,69,166,2,590,284,339,74,0,2.0
50,69,255,4,8,284,355,82,1,1.0
65,72,1106,2,618,284,448,6,0,2.0
52,63,597,4,325,284,475,23,0,0.0
70,62,706,2,454,284,514,14,0,2.0
64,66,1610,2,378,284,575,22,0,2.0
62,60,1182,2,622,284,585,53,0,2.0
58,62,1326,2,126,284,601,49,0,2.0
52,69,1425,4,361,284,651,28,0,0.0
58,70,1176,2,22,284,754,61,0,0.0
69,75,399,8,315,284,759,55,0,2.0
9,55,119,4,134,285,229,84,0,1.0
50,38,1300,4,468,286,677,84,0,0.0
42,92,301,4,720,287,285,29,0,0.0
30,58,55,4,236,287,636,49,0,0.0
26,47,832,8,727,287,721,16,0,0.0
18,41,833,4,3,287,704,57,0,0.0
24,70,595,4,236,287,704,57,0,0.0
26,58,899,4,236,287,704,48,0,0.0
68,65,423,2,40,288,47,84,0,1.0
42,90,938,4,137,289,299,2,0,0.0
65,45,697,8,566,290,224,0,0,2.0
62,50,789,2,556,291,286,3,0,2.0
63,55,1400,8,670,291,302,27,0,2.0
27,44,1479,4,444,292,59,87,0,1.0
42,124,1014,7,309,293,160,10,1,0.0
38,83,1546,4,410,293,322,32,0,1.0
54,66,1252,0,137,293,404,6,0,0.0
39,69,290,4,256,293,745,60,0,0.0
34,81,1206,4,410,294,17,21,0,1.0
30,55,1125,2,698,294,160,48,0,1.0
46,94,876,4,521,294,283,78,1,0.0
69,92,1313,13,698,294,358,75,0,0.0
45,68,636,4,698,294,377,50,1,1.0
35,113,411,2,698,294,388,51,0,0.0
53,67,1267,13,720,294,476,76,0,0.0
59,69,1079,4,232,294,597,23,1,2.0
69,61,49,2,698,294,759,62,0,2.0
69,76,222,4,698,294,759,73,0,2.0
69,105,443,4,698,294,759,34,0,0.0
69,75,880,4,698,294,759,22,0,2.0
69,73,1140,2,698,294,759,25,0,2.0
69,72,1623,2,698,294,759,66,0,2.0
69,73,1630,2,698,294,759,12,0,2.0
70,55,797,4,633,295,189,31,0,2.0
64,74,694,4,294,296,16,2,0,2.0
65,72,1491,2,196,296,405,50,0,2.0
66,119,845,4,163,296,620,32,0,0.0
69,59,1119,4,334,296,759,53,0,2.0
66,47,1382,4,557,297,564,42,0,2.0
44,80,21,4,637,298,755,20,1,0.0
64,50,821,4,419,299,206,89,0,2.0
67,43,943,6,439,300,87,9,0,2.0
21,155,54,8,100,301,678,77,0,0.0
70,48,51,0,376,302,686,19,0,2.0
65,55,77,2,688,303,301,71,0,2.0
58,59,258,2,126,304,558,70,0,0.0
51,62,1499,7,732,305,675,11,0,0.0
65,54,1248,2,225,306,126,5,0,2.0
25,17,659,13,181,307,678,61,0,0.0
6,108,1452,4,36,308,680,33,0,0.0
64,50,1276,4,724,309,494,63,0,2.0
65,65,1170,4,62,310,347,71,0,2.0
12,40,793,4,608,311,229,9,0,1.0
28,64,657,2,662,312,375,42,0,1.0
69,49,728,0,288,313,734,10,0,2.0
65,54,1208,2,110,314,133,23,0,2.0
67,74,1083,2,196,314,277,68,0,2.0
58,70,896,4,184,315,537,65,0,0.0
60,96,1635,4,745,316,297,59,0,0.0
58,66,1567,10,386,317,242,62,0,0.0
18,87,1067,0,698,318,705,51,0,0.0
65,72,583,4,107,319,146,27,0,2.0
67,81,480,4,644,319,458,5,0,2.0
70,62,50,2,371,319,650,8,0,2.0
10,25,561,6,242,320,98,61,0,0.0
69,68,1035,2,30,321,198,60,0,2.0
68,53,31,4,254,322,43,1,0,2.0
58,89,326,4,196,322,509,45,0,0.0
66,57,360,2,596,322,640,6,0,2.0
60,80,1403,4,391,323,723,73,0,2.0
65,49,253,2,692,324,44,17,0,2.0
51,63,36,2,629,324,235,79,1,1.0
48,89,1632,4,38,324,596,18,0,0.0
66,49,1288,2,360,324,596,76,0,2.0
64,60,274,8,139,325,116,5,0,2.0
33,68,1369,2,65,326,59,58,0,1.0
67,50,1041,2,355,327,333,88,0,2.0
59,92,961,4,82,328,669,80,1,0.0
5,21,458,8,203,329,299,45,0,0.0
15,20,1441,2,242,330,759,6,0,0.0
69,43,1421,2,172,331,306,3,0,2.0
61,50,198,2,112,332,194,10,0,2.0
65,46,1416,0,334,333,154,47,0,2.0
68,91,38,0,481,333,759,44,0,2.0
64,60,89,4,261,334,434,74,0,2.0
41,59,160,2,83,335,406,7,0,0.0
69,77,341,2,338,335,759,43,0,2.0
66,62,1048,0,602,336,730,43,0,2.0
26,60,1159,4,209,337,59,29,0,1.0
51,63,1115,2,520,338,73,3,1,1.0
61,57,1642,2,125,338,165,34,0,2.0
53,51,53,2,740,338,733,42,0,0.0
68,68,540,2,334,339,11,19,0,2.0
55,49,1636,2,740,339,733,42,0,0.0
33,27,808,8,645,340,379,66,0,0.0
66,63,400,0,98,341,470,14,0,2.0
61,57,237,0,266,342,459,51,0,2.0
67,105,226,4,156,343,663,8,1,0.0
69,80,130,4,176,344,450,8,0,2.0
55,54,105,2,11,345,7,68,1,1.0
57,56,930,2,11,345,7,82,1,1.0
59,139,1231,4,40,345,47,76,1,0.0
64,65,354,2,642,345,57,84,0,2.0
55,96,893,4,26,345,96,54,0,0.0
50,127,604,4,83,345,146,8,1,0.0
52,143,603,4,533,345,144,89,2,0.0
54,69,725,2,280,345,519,6,0,0.0
50,46,1149,2,11,345,585,81,0,0.0
53,42,897,2,11,345,759,84,0,0.0
51,48,1365,2,11,345,759,59,0,0.0
48,90,513,4,559,346,213,88,0,1.0
58,77,552,8,627,347,30,82,0,0.0
55,103,193,4,637,347,236,76,0,0.0
55,84,217,4,533,347,542,36,0,0.0
50,58,848,2,20,348,600,40,0,0.0
31,76,979,0,250,349,229,71,0,0.0
33,63,1492,8,283,349,299,69,0,0.0
32,73,1223,8,662,349,299,25,0,0.0
23,29,1628,4,403,350,137,26,0,1.0
17,61,1395,0,698,350,367,11,0,0.0
34,89,140,6,366,350,393,69,0,0.0
67,73,869,0,267,351,196,69,0,2.0
70,39,199,2,479,351,290,69,0,2.0
5,23,451,4,37,352,716,89,0,0.0
56,105,1432,0,83,353,196,87,0,0.0
65,50,1431,0,582,353,243,77,0,2.0
48,50,1187,2,740,353,714,49,0,0.0
67,56,385,8,503,354,505,1,0,2.0
68,67,384,0,156,354,622,3,0,2.0
65,61,1016,2,273,355,277,21,0,2.0
61,161,993,0,184,356,51,29,0,0.0
62,110,1118,4,660,356,723,27,0,0.0
62,56,1545,2,479,356,754,73,0,2.0
65,55,246,2,112,357,739,8,0,2.0
67,64,484,0,600,358,344,25,0,2.0
65,50,444,4,581,358,365,71,0,2.0
64,50,651,4,463,359,369,41,0,2.0
47,62,1204,4,107,360,146,78,0,1.0
62,66,42,4,749,361,750,78,0,2.0
13,15,408,13,720,362,136,50,0,0.0
68,58,78,2,324,363,149,14,0,2.0
64,58,359,2,324,363,209,66,0,2.0
55,87,92,8,334,364,723,35,0,0.0
67,79,1325,4,91,365,516,53,0,2.0
65,48,118,4,281,366,71,62,0,2.0
67,46,442,6,654,366,145,55,0,2.0
65,50,1057,0,551,367,384,15,0,2.0
68,70,1020,2,495,368,336,23,0,2.0
56,74,601,12,410,369,544,67,0,0.0
64,49,1526,2,279,370,102,79,0,1.0
31,54,1538,4,483,371,479,82,0,0.0
47,40,1225,0,510,372,134,44,0,1.0
66,58,1146,2,337,372,142,4,0,2.0
59,79,1599,4,196,373,35,62,0,1.0
66,76,1278,4,321,373,427,2,0,2.0
68,61,577,2,740,373,504,60,0,2.0
63,78,6,7,195,374,25,71,0,2.0
64,44,1411,2,489,375,69,28,0,2.0
65,69,186,4,185,376,77,11,0,2.0
61,54,1271,4,185,376,146,4,0,2.0
61,51,1105,4,339,376,146,56,0,2.0
68,54,1171,10,409,376,216,7,0,2.0
67,53,1420,0,536,376,298,65,0,2.0
68,75,958,4,337,377,91,66,0,2.0
66,87,487,9,568,377,273,62,0,2.0
70,88,269,8,176,377,620,7,0,2.0
70,81,1162,8,510,377,759,24,0,2.0
27,19,347,13,750,378,678,19,0,0.0
56,69,590,2,184,379,70,78,1,1.0
49,97,230,7,249,380,596,8,0,0.0
68,60,653,0,628,381,437,49,0,2.0
38,69,1183,6,547,382,299,56,0,0.0
35,72,772,0,720,382,657,43,0,0.0
65,55,1543,8,502,383,662,36,0,2.0
29,82,35,4,83,384,358,75,1,1.0
64,53,610,2,492,385,575,86,0,2.0
49,44,1404,4,512,386,10,80,0,1.0
63,88,295,4,106,386,391,69,0,2.0
67,76,733,4,747,387,339,76,0,2.0
56,92,1603,0,103,388,465,21,0,0.0
52,50,1315,4,196,389,45,21,0,1.0
58,76,242,14,206,389,202,57,0,0.0
55,69,588,0,206,389,202,18,0,0.0
64,65,1216,4,697,389,414,1,0,2.0
16,56,829,8,579,390,299,27,0,0.0
65,55,819,4,542,391,305,41,0,2.0
37,48,270,2,689,392,82,63,0,1.0
7,28,1199,4,21,393,295,2,0,1.0
19,55,1002,2,478,393,299,3,0,1.0
64,92,80,4,245,394,561,47,0,2.0
60,61,894,2,156,395,280,4,0,2.0
65,74,754,0,72,396,253,34,0,2.0
69,21,229,0,509,397,182,9,0,2.0
69,54,1348,6,190,397,240,31,0,2.0
38,61,672,4,570,398,160,52,0,1.0
39,60,1535,4,42,398,175,83,1,1.0
32,67,609,4,177,398,175,40,0,1.0
41,78,1644,2,458,398,175,73,1,1.0
35,69,865,0,720,398,285,84,0,0.0
56,71,236,0,121,398,311,53,0,0.0
42,135,500,4,79,398,441,62,0,0.0
39,125,464,4,318,398,441,10,0,0.0
36,74,409,4,547,398,443,13,0,0.0
31,52,1534,4,655,398,456,54,0,0.0
37,161,191,4,570,398,576,54,0,0.0
55,51,101,4,573,398,599,80,0,0.0
55,65,33,4,458,398,619,80,1,0.0
57,72,205,0,458,398,726,52,0,0.0
69,105,1378,4,260,398,759,49,0,0.0
68,161,1274,4,426,398,759,2,0,0.0
69,90,927,7,521,398,759,55,0,2.0
70,76,1092,0,546,398,759,1,0,2.0
64,101,339,4,744,398,759,56,0,0.0
64,54,1195,0,10,399,493,75,0,2.0
70,58,1316,2,339,399,759,55,0,2.0
57,45,313,0,534,400,417,17,0,0.0
69,78,1462,4,250,401,759,13,0,2.0
21,24,112,6,242,402,48,83,0,0.0
64,85,972,4,176,403,341,20,0,2.0
69,62,364,2,43,404,316,2,0,2.0
40,110,885,4,457,405,379,80,0,0.0
67,61,1334,4,657,406,649,89,2,2.0
68,67,632,2,184,406,719,25,0,2.0
66,55,587,0,494,407,624,73,0,2.0
57,89,162,2,631,408,23,31,1,1.0
61,92,1459,4,510,408,94,32,1,2.0
45,59,1627,2,631,408,175,36,0,1.0
46,161,202,2,71,408,464,86,0,0.0
68,61,1161,2,568,408,501,63,0,2.0
48,65,1533,13,206,408,639,36,0,0.0
70,44,445,4,756,409,759,71,0,2.0
17,45,134,4,242,410,313,83,0,1.0
66,60,298,7,759,411,176,74,0,2.0
69,78,911,7,759,411,363,54,0,2.0
70,21,4,7,540,411,407,24,0,2.0
69,8,1031,7,734,411,759,65,0,2.0
68,21,731,7,759,411,759,32,0,2.0
65,11,910,7,759,411,759,75,0,2.0
68,0,908,7,759,411,759,77,0,2.0
69,2,909,7,759,411,759,63,0,2.0
66,43,702,2,277,412,190,78,0,2.0
64,63,530,4,641,412,246,9,0,2.0
68,80,701,4,362,412,309,70,0,2.0
52,84,83,4,513,413,213,50,1,1.0
66,45,272,0,136,414,451,33,0,2.0
58,54,1100,4,334,415,309,4,0,2.0
27,70,1293,12,720,416,201,72,0,0.0
59,64,645,6,112,417,663,44,0,0.0
67,41,401,8,141,418,418,15,0,2.0
33,52,730,4,150,419,213,70,0,1.0
64,90,465,4,206,420,202,77,0,2.0
64,90,663,12,206,420,202,61,0,0.0
55,70,619,2,196,420,585,6,1,0.0
69,73,128,4,329,420,759,62,0,2.0
59,46,1157,2,187,421,759,68,0,2.0
69,104,1253,0,146,422,152,8,0,2.0
70,61,1594,4,163,422,193,38,0,2.0
64,79,317,4,507,422,620,6,1,2.0
64,79,289,4,345,423,276,20,1,2.0
64,161,945,2,33,424,8,34,0,0.0
67,48,1633,2,33,424,8,65,0,1.0
58,46,1134,2,613,424,8,66,0,1.0
67,60,551,8,120,425,359,69,0,2.0
70,49,537,0,410,426,759,0,0,2.0
68,52,61,4,399,427,634,28,0,2.0
68,70,977,2,51,427,759,18,0,2.0
70,55,1245,2,117,428,413,71,0,2.0
45,41,600,0,334,429,389,27,0,0.0
68,130,370,13,146,430,152,8,1,0.0
65,90,947,4,367,430,606,81,0,2.0
66,80,973,4,294,431,521,41,1,2.0
53,90,462,0,206,432,202,69,0,0.0
66,69,1548,4,638,433,40,75,0,2.0
69,58,278,4,726,433,214,6,0,2.0
66,70,46,4,148,433,353,71,1,2.0
67,69,1618,4,618,433,376,30,0,2.0
61,61,1238,2,141,433,475,2,0,2.0
65,62,906,5,348,433,592,57,0,2.0
64,69,1506,0,156,433,622,8,0,2.0
63,72,1624,4,237,433,719,59,0,2.0
66,71,705,8,168,433,759,6,0,2.0
62,69,1198,4,544,434,54,50,0,2.0
61,58,900,2,479,434,90,51,0,1.0
66,66,1342,2,344,434,759,18,0,2.0
43,141,630,4,676,435,658,26,0,0.0
67,65,660,4,165,436,475,11,0,2.0
59,51,1373,2,520,437,58,17,0,1.0
35,49,1126,4,193,438,379,47,0,1.0
42,80,1498,4,704,439,168,39,1,1.0
53,63,1429,2,102,440,585,35,1,0.0
66,58,259,2,456,441,21,34,0,2.0
68,77,751,4,266,442,215,3,0,2.0
69,144,762,4,146,442,663,78,0,0.0
69,57,1040,0,652,443,699,80,0,2.0
69,47,1306,2,11,444,759,8,0,2.0
65,78,695,12,314,445,80,3,0,0.0
48,138,1283,4,474,445,394,81,1,0.0
51,87,922,13,590,445,603,40,0,0.0
40,83,924,13,662,446,229,85,0,0.0
67,62,390,0,362,447,236,9,0,2.0
66,50,185,2,587,447,371,17,0,2.0
38,63,1490,10,687,448,517,88,0,0.0
50,88,256,4,287,449,233,59,1,1.0
59,57,120,2,479,449,258,79,1,1.0
54,57,23,4,80,449,477,70,0,0.0
55,97,1042,4,176,449,620,8,0,0.0
67,49,1052,6,215,450,307,89,2,2.0
58,60,518,2,631,451,274,29,0,1.0
69,151,556,7,108,452,266,3,0,0.0
28,72,123,0,313,453,322,77,0,0.0
70,22,828,7,257,453,354,60,0,2.0
31,55,708,2,560,453,495,65,0,0.0
61,161,687,2,68,453,759,27,0,0.0
69,54,1069,2,114,454,33,25,0,1.0
65,69,1619,0,216,454,208,25,0,2.0
64,54,1085,2,162,454,303,61,0,2.0
67,70,1579,2,176,454,346,51,0,2.0
62,62,1062,2,157,454,608,10,0,2.0
68,87,593,10,674,454,757,6,1,2.0
64,73,43,4,433,454,758,66,0,2.0
60,67,1362,4,479,455,67,73,0,1.0
26,49,1235,2,236,456,408,35,0,0.0
30,59,320,4,410,456,442,50,1,0.0
52,77,606,4,184,457,70,66,0,1.0
48,59,984,13,455,457,234,29,0,0.0
33,60,1003,4,727,458,721,80,0,0.0
66,161,1595,8,382,459,106,48,0,0.0
46,50,1179,2,740,460,95,33,0,1.0
54,54,571,4,11,460,576,70,0,0.0
65,46,704,4,17,461,256,45,0,2.0
66,51,737,4,61,462,84,72,0,2.0
52,71,952,0,720,463,667,73,0,0.0
19,45,831,4,720,464,707,38,0,0.0
68,62,1574,4,447,465,186,29,0,2.0
18,65,890,4,720,466,229,88,0,1.0
33,60,1524,8,243,466,299,28,0,0.0
65,21,477,4,710,467,446,44,0,2.0
41,72,710,4,507,468,576,2,1,0.0
29,71,1094,12,720,468,759,5,0,0.0
65,43,1433,6,87,469,245,50,0,2.0
34,84,1450,4,83,470,442,11,0,0.0
70,48,135,0,730,471,759,61,0,2.0
48,51,920,4,481,472,180,75,0,1.0
69,68,1174,4,196,473,596,58,0,2.0
66,43,331,4,410,474,759,27,0,2.0
1,18,407,13,340,475,85,89,0,0.0
58,69,1597,2,479,476,720,25,0,0.0
69,70,1398,10,636,477,470,11,0,2.0
67,67,1397,0,636,477,632,87,0,2.0
69,45,300,0,470,478,421,78,0,2.0
64,47,312,0,658,479,150,57,0,2.0
65,63,175,2,492,479,622,37,0,2.0
68,50,1229,0,626,479,759,40,0,2.0
28,53,1494,4,526,480,59,65,0,1.0
70,72,903,4,727,481,759,45,0,2.0
36,88,1561,4,662,482,299,10,0,1.0
65,51,1650,2,377,483,55,47,0,1.0
24,53,344,8,452,484,567,25,0,0.0
19,18,252,13,99,485,678,85,0,0.0
18,18,850,13,99,485,678,87,0,0.0
19,17,926,13,99,485,678,85,0,0.0
70,97,888,4,561,486,229,26,0,2.0
28,65,1246,13,720,486,229,64,0,0.0
35,67,1616,4,720,486,229,29,0,1.0
17,54,764,4,413,486,299,75,0,1.0
49,70,182,0,720,486,635,68,0,0.0
70,113,1191,4,720,486,759,74,0,0.0
61,32,60,4,369,491,59,0,0,2.0
30,50,183,13,720,492,426,14,0,0.0
47,61,1370,13,236,492,508,62,0,0.0
31,39,1604,4,83,487,53,26,0,1.0
7,89,934,4,93,493,299,65,0,1.0
56,86,752,4,329,488,226,40,0,1.0
59,64,1303,6,407,489,158,32,0,2.0
64,58,1520,6,562,494,647,47,0,2.0
60,52,1,0,514,490,298,67,0,2.0
63,68,1522,4,315,495,452,62,1,2.0
33,76,974,2,232,496,229,8,1,1.0
47,87,1652,4,477,497,151,72,1,1.0
65,99,949,4,739,498,330,45,0,2.0
47,74,643,4,746,498,573,39,0,0.0
69,77,827,4,374,499,65,6,0,2.0
71,55,691,2,107,500,58,53,0,1.0
66,50,608,0,208,500,674,10,0,2.0
54,88,1352,0,455,501,320,0,0,0.0
64,54,32,7,441,502,737,23,0,2.0
62,55,591,4,500,503,656,75,0,2.0
68,55,1510,4,537,504,219,8,0,2.0
64,72,569,2,504,505,124,36,0,2.0
62,62,1217,2,180,506,179,21,0,2.0
70,60,305,4,583,506,759,88,0,2.0
64,49,1578,2,112,507,130,47,0,2.0
56,48,1359,2,97,508,95,27,0,1.0
67,82,1142,2,206,508,202,12,0,2.0
57,54,771,2,454,508,565,22,0,0.0
58,129,1608,15,213,509,139,75,0,0.0
64,67,1439,2,9,510,2,12,0,2.0
60,75,625,7,123,510,68,64,0,2.0
67,64,939,2,475,510,184,8,0,2.0
63,81,834,1,94,510,196,68,0,2.0
67,74,496,4,91,510,372,66,0,2.0
63,75,755,2,276,510,386,62,0,2.0
69,84,1279,4,137,510,610,3,0,2.0
66,76,1456,8,267,510,691,50,0,2.0
67,34,131,0,486,510,759,87,0,2.0
49,68,841,4,334,511,309,22,0,1.0
51,66,424,4,522,511,472,83,0,0.0
66,159,878,4,352,512,205,12,0,0.0
5,38,1010,4,607,513,680,31,0,0.0
67,53,1327,6,247,514,663,59,0,2.0
68,49,7,2,349,515,739,0,0,2.0
40,79,1264,4,189,516,169,39,0,1.0
70,81,452,8,320,517,266,28,0,2.0
69,48,227,0,659,518,37,59,0,2.0
66,54,676,2,630,519,57,80,0,2.0
66,56,599,8,651,520,759,9,0,2.0
68,55,373,8,308,521,655,88,0,2.0
40,83,493,8,236,522,204,77,0,0.0
50,65,679,2,192,523,141,42,0,1.0
43,68,1588,2,521,524,195,83,0,1.0
43,68,1589,2,631,524,195,46,0,1.0
61,58,1109,2,49,524,677,8,0,2.0
66,50,1024,2,511,525,756,9,0,2.0
68,66,736,4,571,526,671,50,0,2.0
66,67,1531,2,626,527,569,23,0,2.0
66,54,494,2,700,527,683,67,0,2.0
67,54,1025,4,435,528,135,7,0,2.0
65,47,975,4,572,528,697,36,0,2.0
70,161,1151,0,634,528,759,45,0,0.0
48,60,48,4,195,529,609,3,0,0.0
68,53,1580,4,576,530,655,6,0,2.0
69,79,1043,2,11,531,146,6,0,2.0
65,57,447,4,599,532,525,66,0,2.0
65,63,127,4,446,533,436,35,0,2.0
67,82,1194,4,82,534,588,6,0,2.0
27,60,520,0,720,535,708,74,0,0.0
52,64,1654,10,137,536,80,6,0,0.0
67,44,1156,2,650,537,79,29,0,2.0
66,50,1155,2,262,537,491,59,0,2.0
64,44,1154,2,291,537,520,6,0,2.0
69,21,86,7,333,538,712,54,0,2.0
55,60,798,4,234,539,755,75,1,0.0
49,71,418,4,581,540,596,69,0,0.0
62,50,1213,4,236,541,625,73,0,2.0
68,57,260,2,745,542,193,28,0,2.0
64,64,169,2,745,542,652,88,0,2.0
63,95,398,4,323,543,612,13,0,2.0
71,64,759,4,236,544,759,80,0,2.0
67,48,982,4,434,545,759,29,0,2.0
65,113,475,4,443,546,651,6,0,0.0
69,62,322,8,713,547,615,5,0,2.0
47,95,1080,0,416,548,320,66,0,0.0
64,56,1169,4,660,549,187,75,0,2.0
65,50,1108,4,418,549,759,49,0,2.0
21,21,886,13,99,550,678,27,0,0.0
64,58,1426,2,259,551,581,11,0,2.0
65,53,1147,2,454,552,316,73,0,2.0
68,79,1168,2,266,553,448,43,0,2.0
69,71,541,4,672,553,618,19,0,2.0
69,102,693,0,745,553,651,4,0,0.0
18,17,1244,13,99,554,678,17,0,0.0
70,14,623,7,23,555,759,20,0,2.0
68,66,412,8,615,556,122,58,0,2.0
64,71,639,2,380,556,312,59,0,2.0
70,56,1350,8,276,556,673,5,0,2.0
29,61,1418,8,282,557,299,17,0,0.0
57,140,1285,13,213,557,689,86,0,0.0
69,47,1493,0,179,558,485,53,0,2.0
58,52,1258,4,331,559,143,80,0,1.0
47,70,254,13,507,559,297,29,1,0.0
46,81,673,0,720,559,465,22,0,0.0
58,52,525,0,193,559,675,35,0,0.0
64,80,216,8,438,560,428,6,0,2.0
67,70,342,2,169,560,759,28,0,2.0
54,50,190,2,118,561,15,24,1,1.0
66,41,108,4,294,562,7,7,0,2.0
70,88,1049,4,48,562,336,24,0,2.0
66,52,1135,4,78,563,641,42,0,2.0
70,98,534,4,745,564,251,8,1,2.0
69,58,109,2,565,564,536,75,0,2.0
36,123,1649,4,83,565,191,10,0,0.0
66,49,287,6,258,566,554,79,0,2.0
68,58,1517,0,342,566,759,5,0,2.0
25,56,100,13,720,567,263,84,0,0.0
68,69,732,8,218,568,414,23,0,2.0
66,51,1514,4,525,568,580,48,0,2.0
69,70,562,0,216,569,573,26,0,2.0
17,69,783,13,720,570,759,30,0,0.0
66,41,1368,2,631,571,180,24,0,2.0
65,80,744,10,568,572,167,41,0,2.0
66,57,1166,0,137,572,326,4,0,2.0
68,62,778,2,302,572,523,17,0,2.0
69,95,436,4,390,572,663,60,0,2.0
68,58,1582,2,168,573,0,41,0,1.0
50,59,266,2,328,574,72,60,0,1.0
69,95,1065,8,283,574,299,20,0,0.0
44,87,1280,2,584,574,338,89,2,1.0
70,147,490,4,507,574,545,13,0,0.0
60,88,143,4,523,575,327,88,0,1.0
63,56,1101,8,640,576,677,86,0,2.0
49,50,582,4,115,577,175,42,1,1.0
52,65,1408,4,676,577,275,20,0,1.0
51,60,904,0,507,577,322,65,0,0.0
46,65,1120,4,130,578,64,26,0,1.0
48,67,329,4,701,578,64,72,0,1.0
49,62,425,4,206,579,639,72,0,0.0
64,63,515,2,94,580,316,12,0,2.0
64,49,864,10,156,580,621,42,0,2.0
62,70,244,4,196,581,345,48,0,2.0
67,57,12,4,671,581,518,71,0,2.0
53,65,1257,7,286,581,631,59,0,0.0
46,159,1577,4,694,582,78,80,1,0.0
70,56,404,4,212,583,759,79,0,2.0
69,50,151,2,129,584,759,9,0,2.0
57,50,511,2,129,584,759,46,0,0.0
69,40,607,2,567,585,693,30,0,2.0
68,43,1537,2,567,585,759,27,0,2.0
68,161,674,0,510,586,759,1,0,0.0
53,78,1123,4,510,587,19,32,0,1.0
51,87,844,4,83,587,64,28,0,1.0
65,115,740,4,646,588,250,72,0,0.0
2,55,823,4,429,589,387,74,0,1.0
44,62,790,4,686,590,724,69,0,0.0
64,50,661,2,585,591,218,88,0,2.0
68,161,881,0,481,591,759,62,0,0.0
50,60,857,2,589,592,100,4,1,1.0
64,43,214,0,504,593,445,38,0,2.0
61,83,139,4,544,593,584,7,0,2.0
64,42,1598,2,518,594,103,54,0,1.0
49,78,842,4,77,595,73,62,1,1.0
66,53,420,4,317,596,675,58,0,2.0
59,75,479,4,319,596,751,20,0,0.0
54,50,1256,4,658,597,30,78,1,1.0
66,63,314,4,156,598,193,13,0,2.0
14,37,1284,8,327,599,299,74,0,0.0
55,65,905,4,755,600,480,11,1,0.0
63,17,559,2,56,601,759,86,0,2.0
32,70,410,4,83,602,375,22,0,1.0
38,133,1383,4,193,602,379,67,1,0.0
33,110,640,2,83,602,440,70,1,0.0
70,55,1549,4,507,602,741,77,0,2.0
66,76,325,2,492,603,386,11,0,2.0
41,53,874,4,558,604,540,36,1,0.0
65,59,1249,4,274,605,321,3,0,2.0
64,53,1282,2,180,606,0,84,0,1.0
65,70,1323,2,244,606,585,5,0,2.0
43,88,1351,4,401,607,348,37,1,0.0
66,61,575,2,126,608,297,30,0,2.0
66,80,887,4,335,609,128,24,0,2.0
56,63,262,2,112,609,585,11,1,0.0
64,57,951,6,216,610,370,40,0,2.0
63,76,1112,13,206,611,202,45,0,0.0
68,48,818,4,63,612,727,41,0,2.0
64,50,564,2,661,613,248,29,0,2.0
63,48,1259,0,347,614,331,31,0,2.0
42,61,30,2,631,615,204,51,0,1.0
57,48,1519,0,735,615,759,2,0,0.0
60,82,971,4,422,616,151,30,0,1.0
67,59,1141,0,70,617,638,20,0,2.0
65,57,652,0,488,617,638,36,0,2.0
68,161,421,0,137,618,278,8,0,0.0
11,32,133,4,88,619,264,66,0,1.0
70,55,1565,0,236,619,454,25,0,2.0
63,77,315,10,13,620,312,45,1,0.0
64,56,310,2,129,621,484,10,0,2.0
71,63,1263,2,479,622,759,8,0,2.0
59,71,1103,10,137,623,326,7,0,0.0
45,74,646,13,206,624,544,67,0,0.0
70,83,150,8,195,625,703,41,0,2.0
68,73,1513,0,626,625,703,8,0,2.0
65,75,1393,2,196,626,35,13,0,2.0
70,64,1547,4,592,627,512,89,2,2.0
45,45,1521,4,233,628,147,64,0,1.0
65,95,756,4,510,629,34,32,0,2.0
57,161,822,4,323,629,56,8,1,0.0
66,161,1412,8,624,629,56,42,0,0.0
69,72,403,2,96,629,93,75,0,1.0
56,132,402,4,176,629,122,82,1,0.0
62,66,501,4,176,629,269,31,0,2.0
64,68,664,2,510,629,501,57,0,2.0
61,91,1360,4,618,629,501,52,0,0.0
60,111,1379,4,396,629,516,64,1,0.0
63,118,1099,4,578,629,542,88,1,0.0
59,87,565,4,349,629,568,37,0,0.0
63,84,1152,4,167,629,610,9,0,2.0
66,82,10,4,503,629,610,67,0,2.0
67,59,1343,2,41,629,626,43,0,2.0
70,63,395,4,747,629,752,61,0,2.0
69,6,805,4,736,629,759,36,0,2.0
48,89,1082,7,477,630,477,67,0,0.0
65,60,1073,4,196,630,576,52,0,2.0
61,94,1643,7,538,630,664,46,0,0.0
46,111,576,7,634,630,745,30,1,0.0
68,57,514,4,699,631,692,39,0,2.0
48,100,430,4,758,632,381,75,0,0.0
65,161,1354,4,409,633,122,41,0,0.0
19,77,1372,4,449,634,157,2,0,1.0
62,62,1443,0,519,635,717,5,0,2.0
27,38,417,4,444,636,59,66,0,1.0
67,59,450,4,246,637,57,6,1,2.0
69,71,1332,4,698,637,759,35,0,2.0
61,65,172,4,574,638,18,54,0,2.0
35,126,1207,4,132,638,191,74,0,0.0
53,61,449,4,34,638,268,72,0,1.0
45,69,1232,4,83,638,322,81,0,1.0
50,70,1639,4,112,638,323,87,0,1.0
46,69,1319,4,474,638,420,60,0,0.0
41,152,307,4,103,638,440,80,0,0.0
28,161,509,2,687,638,477,54,0,0.0
70,90,1596,4,103,638,501,82,1,0.0
55,70,18,7,116,638,546,61,0,0.0
34,143,594,4,343,638,658,61,1,0.0
63,54,1272,4,205,638,694,62,0,2.0
21,50,837,4,466,638,731,79,0,0.0
71,36,1233,4,75,638,759,26,0,2.0
50,68,644,4,103,638,759,80,0,0.0
69,21,1430,2,143,638,759,21,0,2.0
69,161,471,4,229,638,759,21,0,0.0
51,59,122,4,232,638,759,54,0,0.0
69,77,846,4,363,638,759,13,0,2.0
9,85,299,13,188,639,593,44,1,0.0
70,43,111,13,92,640,147,32,0,2.0
62,161,585,7,725,641,759,60,0,0.0
66,61,1022,2,487,642,533,74,0,2.0
69,55,431,0,554,642,605,66,0,2.0
13,150,52,13,588,643,50,87,0,0.0
66,21,376,7,485,644,736,85,0,2.0
58,57,935,2,505,645,143,76,0,1.0
26,87,553,13,232,646,229,4,0,0.0
15,60,1581,4,609,646,229,78,0,1.0
65,51,184,0,105,647,439,5,0,2.0
66,45,432,2,668,648,455,44,1,2.0
61,51,75,4,156,649,118,65,0,1.0
65,53,1375,4,665,649,187,16,0,2.0
68,47,72,6,717,649,187,33,0,2.0
63,76,137,2,244,649,752,9,0,2.0
41,40,1617,4,65,650,59,2,0,1.0
41,55,1357,4,444,650,59,79,0,1.0
37,60,915,4,676,650,59,3,0,1.0
39,114,557,4,236,650,477,71,0,0.0
64,59,358,2,565,651,20,41,0,2.0
67,48,282,8,161,652,759,42,0,2.0
68,70,224,0,236,652,759,7,0,2.0
67,69,861,4,246,653,30,51,0,1.0
64,148,1081,4,410,654,465,53,0,0.0
19,54,1465,13,326,655,449,79,0,0.0
17,40,76,4,720,655,627,53,0,0.0
18,55,378,13,720,655,710,52,0,0.0
64,63,1129,4,110,656,146,62,0,2.0
67,44,393,12,176,656,153,57,0,2.0
63,90,1178,2,510,656,322,25,1,2.0
61,50,928,2,454,656,565,68,0,2.0
62,61,353,4,547,656,596,4,0,2.0
63,66,773,0,195,656,681,68,0,2.0
62,66,1262,0,195,656,753,83,0,2.0
66,81,45,2,345,656,759,56,1,2.0
33,77,1312,12,720,657,211,4,0,0.0
36,58,107,4,137,657,759,4,0,0.0
66,50,267,2,564,658,392,56,0,2.0
64,51,1000,2,351,659,46,10,0,2.0
46,99,0,10,198,659,379,83,0,0.0
44,41,1136,4,65,660,59,81,1,1.0
51,161,1307,4,369,660,59,3,1,0.0
46,48,703,4,676,660,59,37,0,1.0
47,61,1124,4,676,660,59,6,0,1.0
62,56,372,4,119,660,183,7,1,2.0
35,107,1301,4,83,661,415,19,1,0.0
46,116,1591,12,103,662,319,57,0,0.0
63,55,1451,4,244,663,166,58,0,2.0
68,48,84,0,171,664,357,30,0,2.0
51,161,1114,4,77,674,92,7,1,0.0
37,48,1566,4,676,665,59,8,1,1.0
48,57,1385,4,95,666,64,45,0,1.0
49,62,1150,8,206,675,202,47,0,0.0
59,48,605,2,170,675,378,65,0,2.0
45,87,336,4,507,667,583,49,1,0.0
66,49,1139,6,55,668,539,85,0,2.0
68,45,346,10,252,676,39,75,0,2.0
69,74,56,8,539,677,225,33,0,2.0
70,81,296,1,83,677,254,39,0,2.0
64,69,1651,8,616,678,405,16,0,2.0
69,64,428,2,244,679,115,64,0,1.0
66,56,142,2,149,680,589,71,0,2.0
64,97,71,10,61,681,105,82,0,0.0
70,75,69,10,201,681,217,59,0,2.0
73,69,70,10,548,681,337,60,0,2.0
57,77,68,10,648,681,621,83,0,0.0
63,57,1089,2,184,681,706,64,0,2.0
62,56,1374,2,361,682,223,50,0,2.0
51,56,146,4,484,682,279,73,0,1.0
52,42,279,0,101,682,750,84,0,0.0
50,52,579,0,590,683,135,37,0,1.0
44,61,1349,8,458,683,173,89,2,0.0
45,67,159,2,142,683,194,67,0,1.0
55,80,1173,0,581,683,221,86,0,0.0
47,70,1088,13,590,683,267,48,0,0.0
53,50,1606,4,197,683,330,75,0,1.0
46,66,145,13,662,683,465,9,0,0.0
51,79,847,8,133,683,585,39,0,0.0
50,47,648,4,73,683,759,9,0,0.0
68,161,1381,7,368,683,759,13,0,0.0
66,118,189,4,731,669,202,24,0,0.0
33,21,955,4,298,670,759,82,0,0.0
65,48,670,10,417,671,331,74,0,2.0
44,86,554,2,422,684,732,3,1,0.0
68,52,1427,0,752,685,229,46,0,2.0
65,66,1390,0,379,686,20,23,0,2.0
48,51,1401,2,740,687,746,62,0,0.0
67,67,918,2,639,688,713,64,0,2.0
68,68,239,4,244,689,92,30,0,2.0
65,57,895,6,539,689,618,67,0,2.0
67,53,335,2,219,689,626,43,0,2.0
52,74,333,4,294,690,146,59,1,1.0
51,72,93,2,196,690,423,39,1,0.0
31,56,374,7,408,691,711,67,0,0.0
58,71,1414,2,565,692,540,40,0,0.0
67,51,1648,2,632,693,629,47,0,2.0
34,43,811,4,313,694,379,51,0,0.0
51,62,261,13,720,694,465,12,0,0.0
67,50,1299,6,255,695,742,24,0,2.0
70,99,1344,4,443,696,64,64,0,1.0
60,85,95,4,266,696,273,1,1,2.0
65,61,194,8,334,696,557,54,0,2.0
64,76,863,2,578,696,569,39,0,2.0
48,50,212,0,667,697,147,17,0,1.0
43,66,28,4,558,697,265,51,0,1.0
33,69,723,4,534,697,287,23,0,1.0
55,50,1455,6,346,697,289,62,0,0.0
46,60,1302,13,410,697,542,33,0,0.0
70,56,11,4,675,698,433,76,0,2.0
42,62,15,14,206,672,402,61,0,0.0
63,54,1017,2,664,673,66,84,0,1.0
69,117,627,2,479,699,204,88,0,0.0
34,79,1314,13,720,699,229,9,0,0.0
57,65,963,0,137,699,492,5,0,0.0
33,71,1226,4,182,699,560,82,0,0.0
39,113,1583,7,58,699,741,38,1,0.0
48,70,1518,2,164,700,486,68,0,0.0
44,55,3,2,232,701,141,12,0,1.0
44,64,13,2,137,701,362,6,0,1.0
65,94,598,4,443,701,499,68,0,2.0
67,77,656,4,507,701,499,57,0,2.0
46,62,1197,4,530,701,499,32,0,0.0
39,58,1117,4,507,701,576,54,0,0.0
38,95,573,4,83,701,759,3,0,0.0
71,161,1001,4,507,701,759,29,0,0.0
69,104,1402,4,544,702,340,49,0,0.0
21,68,1335,4,147,703,299,32,0,1.0
28,45,959,4,83,703,755,27,0,0.0
28,70,1392,8,741,704,299,72,0,0.0
25,63,914,4,662,704,722,4,0,0.0
53,53,1466,0,481,705,471,85,0,0.0
27,50,902,4,236,706,643,57,0,0.0
65,63,667,8,590,707,334,69,0,2.0
71,35,476,4,743,708,759,0,0,2.0
25,47,1046,4,444,709,59,17,0,1.0
68,52,1621,10,230,709,580,18,0,2.0
31,54,1560,0,143,710,4,71,0,1.0
32,51,110,13,410,710,4,78,0,0.0
55,106,1529,4,410,710,4,84,0,0.0
57,79,567,2,740,710,4,10,0,1.0
32,7,147,4,532,710,6,89,0,0.0
65,60,851,4,461,710,8,73,0,2.0
44,63,1192,8,629,710,12,34,0,0.0
40,132,891,12,720,710,14,7,0,0.0
64,88,1029,4,137,710,15,8,0,2.0
66,52,210,0,705,710,22,78,0,2.0
64,45,1508,6,270,710,24,8,0,2.0
66,98,1130,4,676,710,27,14,1,2.0
59,78,1447,4,348,710,49,84,0,1.0
69,62,566,2,83,710,58,32,0,1.0
65,120,838,4,427,710,64,1,1,0.0
40,60,635,4,617,710,64,35,0,1.0
61,50,859,4,364,710,65,72,0,1.0
67,51,1504,4,184,710,70,35,0,1.0
69,65,529,0,481,710,74,72,0,2.0
41,73,668,2,631,710,81,38,0,
39,101,1086,13,442,710,88,26,0,
15,22,1441,2,242,710,108,83,0,
65,54,1625,4,671,710,109,68,0,
14,47,978,2,124,710,117,4,0,
69,74,1484,0,206,710,122,16,0,
9,47,27,4,450,710,123,60,0,
57,55,1311,0,753,710,126,68,0,
62,50,746,0,334,710,129,45,0,
57,113,113,4,83,710,146,8,0,
68,54,163,4,742,710,146,7,0,
41,41,1460,6,373,710,147,88,0,
41,46,1218,6,563,710,147,85,0,
53,47,1469,6,301,710,158,21,0,
64,57,232,4,110,710,164,63,0,
69,47,807,2,25,710,172,24,0,
57,47,126,2,748,710,172,47,0,
65,79,1551,4,137,710,174,7,1,
64,51,1620,2,556,710,174,16,0,
67,50,90,4,356,710,181,75,0,
68,54,523,0,311,710,188,10,0,
62,90,228,4,267,710,193,25,0,
52,49,879,7,389,710,194,31,0,
53,54,1160,13,193,710,197,76,0,
60,96,531,0,206,710,202,64,0,
65,51,1131,0,387,710,210,82,0,
71,161,596,2,458,710,213,29,0,
44,67,1638,2,473,710,226,40,0,
68,46,1573,13,361,710,229,1,0,
23,95,1470,12,478,710,229,88,0,
69,85,839,4,698,710,229,46,0,
27,20,852,13,297,710,230,1,0,
27,21,1144,13,297,710,230,8,0,
27,21,1212,13,297,710,230,31,0,
28,21,1559,13,297,710,230,6,0,
26,20,144,13,411,710,230,72,0,
26,21,220,13,411,710,230,18,0,
26,20,1602,13,411,710,230,61,0,
46,33,533,2,711,710,231,8,0,
61,72,883,2,596,710,232,54,0,
49,64,563,4,294,710,241,88,1,
63,74,1495,0,663,710,241,70,0,
39,73,516,4,727,710,249,77,0,
61,29,459,2,492,710,261,6,0,
62,37,1321,2,129,710,262,36,0,
36,43,1552,2,631,710,270,54,0,
60,71,1646,4,6,710,272,53,0,
67,110,1298,4,332,710,281,75,0,
66,44,1047,4,490,710,282,50,0,
31,52,685,0,410,710,284,3,0,
38,82,1066,13,720,710,285,31,0,
44,36,544,0,510,710,288,70,0,
44,42,1242,13,510,710,288,26,0,
48,53,1163,13,687,710,293,26,0,
31,55,722,4,132,710,299,63,0,
13,48,1474,10,191,710,299,8,0,
47,86,1507,8,243,710,299,12,0,
8,55,1007,8,452,710,299,50,0,
32,83,419,8,472,710,299,52,0,
15,40,1647,8,555,710,299,43,0,
54,55,350,6,211,710,310,88,0,
59,84,283,4,154,710,315,6,1,
60,41,986,2,125,710,318,81,0,
53,89,925,4,137,710,322,6,0,
59,77,1562,4,658,710,322,39,0,
48,106,804,12,206,710,323,84,0,
67,69,1044,8,674,710,329,63,0,
68,56,285,4,525,710,332,30,0,
63,42,102,2,591,710,335,41,0,
64,67,439,2,712,710,336,49,0,
62,101,810,4,719,710,341,6,1,
70,45,1435,0,241,710,342,25,0,
57,54,991,2,125,710,344,11,0,
61,67,992,2,129,710,344,33,0,
49,81,1230,0,224,710,350,7,0,
23,42,369,13,720,710,352,27,0,
30,72,1568,4,83,710,358,86,1,
46,93,631,12,720,710,360,36,0,
68,50,177,0,214,710,361,84,0,
15,31,1485,8,649,710,366,45,0,
34,66,367,12,686,710,375,84,0,
52,81,117,4,196,710,376,64,1,
49,98,8,10,467,710,379,83,1,
69,77,574,12,475,710,379,45,0,
21,42,1295,4,248,710,381,85,0,
69,57,1240,4,266,710,381,50,0,
24,70,1061,4,304,710,381,31,0,
38,112,141,4,471,710,381,65,0,
29,122,727,4,471,710,381,40,0,
29,43,1215,4,471,710,381,59,1,
40,56,1294,8,471,710,381,6,0,
33,142,1330,4,471,710,381,9,0,
35,70,1480,4,471,710,381,60,0,
39,70,1645,0,471,710,381,60,0,
58,118,801,4,497,710,381,74,1,
30,94,729,4,643,710,381,36,0,
65,50,474,0,57,710,384,26,0,
64,50,1058,0,759,710,384,89,0,
4,99,964,10,0,710,387,49,0,
24,66,309,8,143,710,387,55,0,
0,97,1386,4,178,710,387,29,0,
32,50,711,4,236,710,387,27,0,
6,90,1387,4,395,710,387,49,0,
11,80,1463,4,395,710,387,4,0,
69,55,578,4,698,710,387,48,0,
68,89,976,4,718,710,396,78,0,
67,7,948,4,240,710,399,35,0,
67,16,1611,2,745,710,400,6,0,
69,90,549,14,206,710,402,34,0,
22,99,1473,12,698,710,393,45,0,
60,53,306,4,392,710,403,23,0,
52,69,796,0,307,710,404,63,0,
65,80,616,2,745,710,405,37,0,
23,54,207,4,111,710,412,76,0,
47,118,1110,7,455,710,415,46,0,
42,65,481,2,715,710,415,16,0,
54,52,1419,0,481,710,424,25,0,
62,43,931,0,73,710,425,34,0,
65,45,1093,12,721,710,425,37,0,
22,60,521,12,720,710,426,35,0,
66,35,868,4,334,710,428,32,0,
56,50,482,6,498,710,428,2,0,
33,47,835,2,290,710,431,28,0,
35,57,1440,4,410,710,431,12,0,
49,48,98,2,129,710,430,44,0,
62,52,345,0,671,710,436,17,0,
69,49,633,4,236,710,454,54,0,
48,49,960,0,155,710,462,69,0,
18,50,735,13,720,710,463,27,0,
45,45,1472,2,479,710,464,28,0,
58,59,517,0,481,710,465,62,0,
48,71,293,13,720,710,465,72,0,
68,95,713,4,137,710,466,8,0,
44,83,311,4,501,710,469,75,1,
51,51,488,4,410,710,473,6,0,
20,61,547,0,720,710,473,61,0,
69,47,510,2,698,710,477,52,0,
60,52,94,2,745,710,478,68,0,
65,50,460,2,492,710,490,51,0,
67,78,654,2,492,710,490,11,0,
51,53,1297,13,236,710,496,47,0,
65,50,614,4,329,710,498,42,0,
49,75,1377,4,507,710,499,7,0,
48,77,280,2,20,710,501,50,0,
66,50,377,0,358,710,502,3,0,
59,54,391,8,506,710,502,9,0,
13,21,1019,8,436,710,503,71,0,
66,52,24,4,227,710,507,57,0,
68,57,1181,6,135,710,510,29,0,
68,161,206,4,544,710,511,88,0,
67,54,1637,2,631,710,513,25,0,
65,76,1095,4,226,710,516,21,0,
54,99,74,4,578,710,516,45,1,
65,33,761,0,55,710,524,59,0,
47,104,1601,13,326,710,527,50,0,
66,52,794,4,640,710,530,13,0,
71,161,698,2,80,710,531,70,0,
66,60,1255,4,410,710,532,26,0,
53,72,1640,0,474,710,542,16,0,
50,76,770,4,578,710,542,88,0,
48,72,249,4,83,710,543,75,0,
51,82,916,0,206,710,544,28,0,
67,46,365,0,705,710,551,31,0,
57,68,1175,2,631,710,552,12,0,
61,46,1309,6,453,710,555,24,0,
64,100,124,4,424,710,556,71,1,
29,62,546,0,720,710,560,23,0,
63,52,1585,4,580,710,562,49,0,
58,83,981,2,605,710,571,71,0,
50,52,363,13,289,710,572,29,0,
61,62,1436,2,460,710,575,52,0,
62,56,1251,0,163,710,578,20,0,
69,21,250,7,680,710,579,82,0,
65,58,1281,0,341,710,584,87,0,
68,56,1011,2,454,710,585,63,0,
68,63,81,10,345,710,596,22,0,
50,88,343,13,720,710,597,58,0,
63,55,316,4,306,710,602,22,0,
48,124,1128,12,627,710,607,8,1,
47,83,966,4,323,710,611,33,1,
63,91,499,4,348,710,611,61,0,
54,72,917,4,524,710,616,39,0,
65,46,426,2,81,710,617,69,0,
69,161,1200,4,176,710,620,25,0,
69,21,584,2,381,710,630,6,0,
16,16,1107,13,720,710,635,83,0,
16,16,1113,13,720,710,635,33,0,
60,52,79,6,625,710,637,75,0,
49,69,161,4,206,710,639,60,0,
57,72,485,4,206,710,639,22,0,
26,48,357,4,410,710,645,77,0,
54,92,967,12,318,710,646,36,0,
68,86,739,0,237,710,651,8,0,
71,50,453,8,723,710,651,48,0,
69,137,1328,4,558,710,659,56,0,
2,83,622,4,303,710,661,63,0,
64,80,1148,4,639,710,663,8,1,
41,49,348,10,86,710,665,79,0,
49,60,1612,7,740,710,666,65,0,
49,48,775,13,206,710,667,79,0,
63,64,1296,2,479,710,670,19,0,
16,56,233,4,698,710,672,21,1,
68,20,483,7,759,710,676,48,0,
60,110,29,4,263,710,677,80,0,
25,22,286,13,181,710,678,80,0,
25,17,1584,13,181,710,678,43,0,
15,21,1482,13,365,710,678,53,0,
70,15,223,0,406,710,678,43,0,
25,19,522,13,406,710,678,21,0,
25,14,853,13,406,710,678,66,0,
27,26,1104,13,406,710,678,62,0,
70,14,1237,0,406,710,678,78,0,
15,21,1021,13,597,710,678,52,0,
15,21,1464,13,597,710,678,17,0,
27,20,1337,13,750,710,678,40,0,
69,62,749,2,122,710,679,47,0,
35,33,1489,4,137,710,684,5,0,
31,39,115,4,236,710,690,7,0,
60,96,375,4,184,710,709,5,0,
38,120,63,0,720,710,715,29,0,
64,51,825,4,184,710,702,24,0,
63,69,866,2,593,710,702,54,0,
68,88,386,4,745,710,719,8,1,
30,53,1097,4,727,710,721,23,0,
27,79,155,12,363,710,722,7,0,
54,128,816,4,708,710,723,41,0,
68,58,684,4,504,710,725,17,0,
60,71,1234,4,184,710,706,51,0,
34,57,1376,4,507,710,741,56,0,
33,18,763,2,50,710,759,51,0,
40,131,1009,0,83,710,759,35,0,
67,161,396,13,107,710,759,9,0,
64,21,987,2,125,710,759,4,0,
64,21,988,2,125,710,759,24,0,
64,20,989,2,125,710,759,79,0,
64,19,990,2,125,710,759,63,0,
68,161,1554,2,126,710,759,82,0,
60,61,1320,2,129,710,759,86,0,
59,87,1445,4,129,710,759,2,0,
42,161,568,0,137,710,759,6,0,
71,68,1076,8,137,710,759,6,0,
70,21,686,2,144,710,759,22,0,
68,21,882,2,145,710,759,6,0,
70,13,1137,8,161,710,759,40,0,
55,154,1056,4,176,710,759,82,0,
67,50,1558,2,180,710,759,5,0,
50,1,1012,12,195,710,759,21,0,
69,161,308,14,206,710,759,11,0,
69,161,327,0,206,710,759,53,0,
70,52,387,0,206,710,759,26,0,
70,119,617,14,206,710,759,68,0,
37,21,1221,13,206,710,759,54,0,
70,78,1487,8,206,710,759,55,0,
65,55,666,4,217,710,759,25,0,
70,121,707,13,232,710,759,45,0,
70,161,1005,8,235,710,759,54,0,
71,48,629,0,236,710,759,26,0,
64,79,998,4,237,710,759,54,0,
71,62,1496,13,238,710,759,25,0,
69,161,1509,4,242,710,759,81,0,
67,76,138,2,244,710,759,65,0,
37,21,950,13,256,710,759,26,0,
61,161,1338,4,268,710,759,23,0,
51,65,392,13,307,710,759,54,0,
70,32,91,8,322,710,759,70,0,
68,161,22,4,329,710,759,79,0,
60,145,1096,4,329,710,759,84,0,
53,45,1091,4,331,710,759,60,0,
31,80,1444,6,373,710,759,0,0,
69,88,743,4,383,710,759,18,0,
68,9,1475,6,393,710,759,3,0,
70,72,332,4,410,710,759,1,0,
70,65,355,0,410,710,759,60,0,
70,43,415,8,410,710,759,65,0,
70,122,642,4,410,710,759,6,0,
70,93,1516,0,410,710,759,68,0,
64,10,768,2,423,710,759,67,0,
68,52,1172,8,432,710,759,3,0,
68,11,742,7,437,710,759,49,0,
64,13,709,2,445,710,759,65,0,
67,50,234,7,451,710,759,52,0,
69,58,824,2,454,710,759,81,0,
64,21,1409,2,454,710,759,3,0,
52,21,1410,2,454,710,759,34,0,
71,161,1273,0,459,710,759,38,0,
70,61,1265,0,481,710,759,76,0,
67,161,1287,8,481,710,759,29,0,
61,51,1417,2,482,710,759,24,0,
68,58,106,0,492,710,759,54,0,
67,161,168,2,492,710,759,56,0,
69,59,1587,2,493,710,759,6,0,
31,51,1006,6,499,710,759,56,0,
70,81,655,8,507,710,759,86,0,
70,62,862,13,507,710,759,26,0,
67,161,1084,0,507,710,759,40,0,
70,96,1177,4,507,710,759,66,0,
46,161,1322,2,507,710,759,28,0,
68,161,1532,8,510,710,759,3,0,
67,22,489,7,545,710,759,12,0,
65,21,776,2,556,710,759,14,0,
69,21,777,2,556,710,759,44,0,
67,161,397,13,577,710,759,1,0,
66,56,1289,4,612,710,759,26,0,
69,40,688,12,627,710,759,41,0,
69,51,1098,0,628,710,759,2,0,
34,5,273,2,631,710,759,45,0,
31,35,620,2,631,710,759,80,0,
53,55,626,2,631,710,759,72,0,
69,61,726,2,631,710,759,23,0,
69,61,913,2,631,710,759,75,0,
38,51,1037,0,631,710,759,5,0,
69,81,1143,2,631,710,759,77,0,
69,44,1536,2,631,710,759,7,0,
66,25,497,6,649,710,759,79,0,
36,52,1500,10,678,710,759,30,0,
67,50,156,0,681,710,759,70,0,
57,50,765,7,682,710,759,38,0,
20,153,581,4,683,710,759,31,0,
70,161,466,0,686,710,759,83,0,
70,47,849,4,686,710,759,68,0,
45,65,297,13,687,710,759,47,0,
58,53,361,4,687,710,759,13,0,
69,68,461,4,698,710,759,19,0,
69,61,803,4,698,710,759,76,0,
69,52,1384,2,698,710,759,44,0,
35,21,288,13,714,710,759,1,0,
70,17,380,13,720,710,759,44,0,
71,161,455,13,720,710,759,70,0,
17,16,572,13,720,710,759,73,0,
12,15,671,13,720,710,759,23,0,
10,161,716,13,720,710,759,7,0,
10,146,717,0,720,710,759,68,0,
43,121,734,12,720,710,759,66,0,
69,161,780,12,720,710,759,49,0,
70,161,781,12,720,710,759,3,0,
69,161,782,13,720,710,759,58,0,
17,72,784,13,720,710,759,3,0,
17,70,785,13,720,710,759,24,0,
16,70,786,13,720,710,759,28,0,
68,161,787,13,720,710,759,87,0,
69,161,788,13,720,710,759,22,0,
69,17,815,13,720,710,759,78,0,
70,20,854,13,720,710,759,8,0,
69,13,855,13,720,710,759,35,0,
69,17,856,13,720,710,759,3,0,
12,15,901,13,720,710,759,48,0,
70,72,953,0,720,710,759,5,0,
71,161,1033,13,720,710,759,73,0,
69,15,1034,13,720,710,759,28,0,
69,14,1209,13,720,710,759,75,0,
71,19,1210,13,720,710,759,77,0,
70,94,1228,13,720,710,759,16,0,
69,13,1243,13,720,710,759,30,0,
68,161,1286,13,720,710,759,23,0,
10,149,1336,0,720,710,759,19,0,
67,63,203,0,727,710,759,43,0,
66,38,699,4,727,710,759,19,0,
55,35,321,2,745,710,759,18,0,
69,25,1254,2,745,710,759,4,0,
