fixed acidity,citric acid,chlorides,type
31,36,34,1
23,34,38,1
43,40,39,1
34,32,47,1
34,32,47,1
43,40,39,1
22,16,34,1
31,36,34,1
23,34,38,1
43,43,33,1
43,41,22,1
48,40,24,1
41,37,29,1
27,40,33,1
45,62,29,1
27,38,21,1
23,4,35,1
22,48,18,1
36,42,22,1
26,14,33,1
22,48,18,1
24,38,27,1
29,42,38,1
38,14,63,1
27,41,41,1
31,32,35,1
30,35,41,1
31,39,40,1
36,48,36,1
34,36,22,1
47,39,33,1
45,34,31,1
36,36,39,1
22,34,34,1
17,20,33,1
35,43,69,1
26,23,40,1
31,32,42,1
35,39,46,1
35,39,46,1
28,39,150,1
28,39,151,1
31,26,58,1
27,27,46,1
28,26,49,1
36,31,47,1
22,26,52,1
22,25,55,1
31,26,58,1
30,35,56,1
34,31,51,1
27,29,57,1
22,33,46,1
24,35,34,1
29,59,130,1
30,35,28,1
34,34,32,1
19,26,37,1
27,15,33,1
36,36,27,1
29,24,81,1
19,26,37,1
31,7,24,1
27,15,33,1
34,27,27,1
22,3,53,1
24,24,29,1
28,13,30,1
28,31,35,1
36,29,39,1
22,43,45,1
29,23,50,1
19,28,52,1
48,46,43,1
28,31,35,1
36,29,39,1
32,36,32,1
31,34,31,1
36,30,53,1
28,28,49,1
29,31,42,1
32,34,39,1
32,20,52,1
35,30,36,1
32,61,34,1
32,62,33,1
34,63,33,1
29,31,39,1
32,61,34,1
32,62,33,1
34,63,33,1
20,43,38,1
30,33,24,1
30,33,23,1
37,32,29,1
32,29,33,1
19,66,35,1
48,36,23,1
60,46,27,1
19,66,35,1
36,37,49,1
32,32,43,1
19,24,39,1
37,40,48,1
36,37,49,1
35,32,40,1
32,32,43,1
32,35,29,1
32,35,29,1
30,28,40,1
26,54,71,1
34,46,41,1
34,50,45,1
28,34,38,1
28,34,38,1
14,0,54,1
19,24,30,1
31,40,24,1
34,50,45,1
35,48,49,1
18,4,35,1
40,32,43,1
36,31,48,1
30,28,47,1
24,47,81,1
28,36,15,1
36,23,22,1
26,32,27,1
20,56,33,1
20,56,35,1
16,25,9,1
26,32,27,1
26,40,27,1
27,27,24,1
29,22,23,1
28,31,25,1
44,40,16,1
32,67,34,1
29,36,24,1
43,39,18,1
23,34,34,1
32,67,34,1
41,40,28,1
47,41,25,1
43,40,26,1
23,37,29,1
15,27,33,1
24,14,47,1
23,33,23,1
30,30,43,1
41,38,32,1
38,46,44,1
30,30,43,1
34,41,37,1
44,40,38,1
36,42,55,1
36,42,55,1
20,24,25,1
11,4,25,1
11,4,25,1
20,24,25,1
24,56,44,1
23,30,38,1
36,42,55,1
28,35,39,1
31,36,40,1
46,46,37,1
28,18,23,1
37,31,44,1
60,48,23,1
32,46,55,1
41,45,34,1
38,37,26,1
23,43,27,1
37,31,40,1
30,40,29,1
34,47,33,1
18,30,43,1
19,7,49,1
24,32,38,1
24,31,37,1
32,15,42,1
29,40,37,1
30,40,39,1
29,56,32,1
29,56,32,1
28,41,29,1
18,23,27,1
29,35,23,1
26,28,36,1
27,28,41,1
29,40,37,1
29,36,34,1
27,34,44,1
24,44,164,1
24,45,163,1
24,44,163,1
29,24,41,1
32,24,39,1
29,24,41,1
29,26,38,1
32,24,39,1
30,32,39,1
29,34,23,1
17,35,42,1
24,50,31,1
31,32,34,1
64,83,38,1
29,29,29,1
20,31,37,1
15,25,21,1
29,38,27,1
31,32,34,1
28,29,40,1
22,25,19,1
17,24,33,1
37,36,25,1
17,24,33,1
16,24,33,1
37,36,25,1
37,36,25,1
34,21,59,1
22,25,19,1
26,30,32,1
23,22,35,1
32,41,35,1
24,32,37,1
32,32,30,1
24,32,37,1
32,41,35,1
29,8,51,1
45,40,30,1
44,39,28,1
34,38,47,1
34,38,47,1
34,38,47,1
34,38,47,1
29,32,33,1
31,59,26,1
22,21,28,1
35,23,39,1
39,26,20,1
32,37,15,1
29,34,36,1
30,56,32,1
20,36,27,1
29,27,19,1
17,27,20,1
15,26,19,1
20,14,26,1
18,28,42,1
47,21,63,1
30,56,32,1
17,44,18,1
17,39,43,1
28,39,29,1
23,30,24,1
23,30,24,1
24,39,21,1
17,38,26,1
30,35,37,1
30,40,32,1
30,40,25,1
34,40,34,1
22,35,27,1
30,40,32,1
30,26,42,1
12,7,32,1
12,7,33,1
13,7,34,1
30,26,42,1
11,7,33,1
17,26,40,1
27,30,46,1
31,54,35,1
27,41,35,1
28,41,33,1
39,40,31,1
29,34,33,1
31,49,25,1
31,36,23,1
20,58,28,1
29,37,36,1
28,30,43,1
32,24,44,1
35,25,45,1
26,33,42,1
34,39,47,1
34,39,47,1
34,39,47,1
34,39,47,1
18,31,30,1
36,42,55,1
22,22,30,1
53,38,55,1
23,27,35,1
45,70,34,1
34,46,30,1
37,44,35,1
28,50,32,1
20,0,52,1
45,35,39,1
20,0,52,1
19,21,44,1
35,24,46,1
35,24,46,1
34,24,47,1
35,24,47,1
22,27,25,1
22,26,26,1
20,27,24,1
9,14,21,1
40,41,31,1
16,21,27,1
17,21,29,1
29,60,119,1
29,34,20,1
27,35,20,1
18,47,19,1
20,25,29,1
19,24,30,1
27,35,20,1
29,34,20,1
29,44,20,1
45,51,35,1
37,31,46,1
41,41,29,1
24,23,28,1
26,35,31,1
34,41,25,1
24,35,19,1
29,34,21,1
23,30,22,1
26,34,27,1
15,26,20,1
23,30,22,1
23,33,25,1
17,27,34,1
18,40,36,1
27,35,38,1
36,43,34,1
42,36,36,1
24,42,33,1
13,47,42,1
13,47,41,1
32,33,39,1
15,10,20,1
28,41,45,1
40,46,41,1
38,45,43,1
23,36,33,1
35,40,27,1
14,30,60,1
35,40,27,1
17,42,36,1
35,37,52,1
35,37,52,1
20,33,39,1
62,39,39,1
30,34,29,1
24,32,36,1
32,14,44,1
29,30,39,1
35,37,52,1
29,40,26,1
19,32,17,1
19,27,78,1
30,21,42,1
39,48,38,1
32,35,33,1
30,21,42,1
39,48,38,1
27,19,37,1
34,27,37,1
10,22,16,1
10,22,16,1
24,28,26,1
35,44,34,1
16,50,38,1
24,28,26,1
35,44,34,1
34,26,35,1
37,28,40,1
34,27,37,1
19,39,16,1
10,22,16,1
9,56,15,1
23,35,29,1
28,32,36,1
31,38,21,1
31,38,21,1
26,32,20,1
20,15,20,1
35,43,10,1
29,51,33,1
29,12,29,1
44,42,20,1
23,40,26,1
18,27,37,1
24,42,21,1
23,40,26,1
29,51,33,1
20,7,58,1
32,31,35,1
29,31,24,1
29,12,29,1
17,34,20,1
30,24,38,1
23,39,33,1
44,42,20,1
34,39,27,1
35,36,29,1
34,39,25,1
34,39,25,1
34,39,27,1
35,36,29,1
36,27,30,1
29,22,36,1
36,27,30,1
36,28,39,1
31,31,19,1
31,28,34,1
31,28,34,1
31,28,34,1
30,38,36,1
31,28,34,1
31,28,34,1
29,50,42,1
40,27,40,1
32,47,45,1
29,50,42,1
24,10,37,1
36,34,34,1
34,9,97,1
31,36,17,1
30,37,16,1
20,32,31,1
27,32,24,1
36,34,34,1
22,4,49,1
28,37,17,1
20,20,22,1
19,28,15,1
27,44,37,1
30,36,20,1
32,32,27,1
17,27,43,1
26,24,37,1
26,24,37,1
24,29,41,1
34,20,59,1
20,25,27,1
18,14,31,1
19,27,35,1
24,29,41,1
24,24,37,1
23,31,11,1
32,27,45,1
19,32,42,1
20,35,48,1
32,27,45,1
31,29,36,1
18,19,36,1
29,21,33,1
34,62,36,1
23,58,70,1
31,32,28,1
29,21,33,1
34,62,36,1
34,53,36,1
48,70,28,1
26,34,25,1
27,29,12,1
31,31,23,1
14,22,19,1
31,51,18,1
36,36,17,1
31,28,26,1
32,13,62,1
23,33,30,1
28,34,32,1
18,41,36,1
17,24,33,1
28,34,32,1
22,30,198,1
22,38,17,1
19,37,14,1
27,28,24,1
36,29,34,1
36,31,36,1
31,36,24,1
32,39,21,1
40,26,28,1
23,28,11,1
29,38,29,1
16,13,14,1
34,62,30,1
29,32,15,1
16,34,29,1
34,62,30,1
34,54,34,1
29,58,27,1
24,30,27,1
26,29,26,1
40,31,42,1
40,31,42,1
35,26,79,1
19,27,37,1
18,28,28,1
19,27,37,1
28,12,30,1
40,35,31,1
35,36,29,1
36,33,14,1
40,32,25,1
20,26,40,1
29,37,44,1
36,42,34,1
18,28,39,1
34,34,37,1
41,26,28,1
41,26,28,1
30,40,27,1
17,32,22,1
15,37,27,1
18,39,103,1
34,46,29,1
20,22,23,1
11,2,20,1
15,47,19,1
24,35,37,1
24,48,160,1
36,36,56,1
36,36,56,1
36,36,56,1
41,51,36,1
41,51,36,1
36,36,56,1
20,30,34,1
29,24,42,1
28,31,29,1
34,65,39,1
14,35,34,1
28,41,25,1
29,17,36,1
24,22,29,1
23,24,28,1
39,42,41,1
26,31,33,1
34,65,39,1
31,51,39,1
54,34,15,1
40,34,17,1
31,51,39,1
40,34,17,1
54,34,15,1
46,71,35,1
20,24,38,1
18,24,33,1
34,44,36,1
28,42,38,1
18,10,46,1
39,27,52,1
36,22,35,1
29,30,55,1
40,38,48,1
34,34,40,1
19,50,37,1
20,51,39,1
26,27,29,1
36,66,40,1
26,29,27,1
28,54,36,1
34,34,21,1
36,33,24,1
44,30,36,1
44,29,36,1
32,33,22,1
26,29,27,1
19,26,23,1
36,66,40,1
16,22,31,1
35,22,45,1
36,22,31,1
27,30,35,1
36,22,31,1
36,30,38,1
20,25,23,1
30,27,25,1
31,33,29,1
32,50,48,1
35,37,26,1
30,33,32,1
24,7,19,1
24,6,19,1
23,38,40,1
30,33,32,1
31,37,23,1
18,29,25,1
30,40,25,1
28,35,157,1
34,40,34,1
24,7,19,1
24,6,19,1
23,49,41,1
23,49,41,1
35,29,38,1
35,29,38,1
20,25,33,1
36,35,50,1
26,28,26,1
36,40,21,1
37,68,36,1
37,68,34,1
37,68,34,1
37,68,36,1
40,33,26,1
40,27,40,1
39,27,40,1
36,30,46,1
26,41,73,1
26,43,72,1
12,12,32,1
34,34,34,1
19,6,55,1
22,29,28,1
38,12,85,1
31,24,37,1
31,24,37,1
17,33,25,1
31,42,39,1
31,42,39,1
30,33,29,1
19,20,34,1
20,28,22,1
18,25,16,1
22,28,26,1
36,25,42,1
15,14,35,1
17,14,35,1
15,29,36,1
20,25,43,1
23,33,35,1
24,28,39,1
24,29,40,1
23,25,47,1
26,72,50,1
36,34,39,1
19,12,30,1
32,34,56,1
32,34,56,1
32,34,56,1
32,34,56,1
18,26,42,1
26,37,37,1
39,35,19,1
52,35,17,1
35,21,39,1
27,25,41,1
29,16,27,1
32,26,38,1
29,34,21,1
31,10,83,1
32,26,38,1
32,38,41,1
40,22,45,1
29,37,25,1
32,38,41,1
20,25,36,1
24,50,36,1
40,26,47,1
27,36,27,1
32,34,28,1
28,30,27,1
24,50,36,1
20,25,45,1
18,25,46,1
17,38,22,1
17,38,22,1
16,38,22,1
28,14,32,1
29,69,47,1
18,25,41,1
24,32,182,1
43,31,41,1
22,26,40,1
29,35,32,1
29,30,192,1
34,30,33,1
28,37,28,1
30,34,32,1
20,16,26,1
19,16,25,1
18,14,25,1
38,58,30,1
23,28,36,1
28,34,11,1
37,51,28,1
37,51,28,1
36,48,31,1
46,70,31,1
18,22,19,1
27,18,31,1
24,28,27,1
15,26,26,1
48,46,21,1
22,21,30,1
34,45,35,1
39,44,39,1
22,21,33,1
20,24,35,1
44,43,24,1
44,43,24,1
24,39,29,1
19,26,27,1
22,27,27,1
39,31,37,1
31,41,31,1
22,27,27,1
36,50,31,1
27,44,42,1
19,44,35,1
30,34,21,1
27,31,9,1
40,40,17,1
24,21,30,1
24,31,27,1
31,34,46,1
24,31,32,1
19,27,159,1
26,33,31,1
22,48,33,1
50,45,11,1
27,30,41,1
30,25,29,1
24,30,27,1
27,30,41,1
30,25,29,1
32,31,10,1
24,30,27,1
30,40,11,1
17,30,20,1
31,37,19,1
18,25,23,1
36,27,30,1
36,88,11,1
31,34,22,1
34,40,13,1
30,38,38,1
35,42,14,1
34,40,13,1
30,50,25,1
28,42,27,1
31,34,22,1
18,47,99,1
32,44,21,1
17,28,45,1
29,37,40,1
32,40,40,1
32,40,36,1
30,38,38,1
31,38,39,1
29,49,46,1
9,4,28,1
23,28,31,1
34,42,39,1
28,63,67,1
29,36,17,1
28,34,32,1
28,34,32,1
29,31,34,1
27,57,118,1
27,60,121,1
20,30,28,1
53,45,24,1
24,48,104,1
45,45,28,1
34,19,41,1
30,37,42,1
43,44,42,1
19,0,31,1
40,22,45,1
30,37,42,1
43,44,42,1
34,19,41,1
38,27,28,1
39,28,29,1
39,28,29,1
17,16,26,1
38,27,28,1
39,28,29,1
18,30,22,1
24,8,35,1
18,30,22,1
36,27,38,1
34,26,39,1
40,23,43,1
30,33,35,1
13,24,30,1
19,31,25,1
40,58,25,1
19,49,37,1
29,35,33,1
27,31,28,1
35,34,21,1
40,58,25,1
24,26,35,1
22,26,35,1
19,17,35,1
22,26,35,1
19,49,37,1
19,5,52,1
24,28,44,1
26,32,34,1
41,24,61,1
22,17,29,1
46,42,25,1
27,22,23,1
22,17,29,1
27,22,23,1
27,29,10,1
35,20,60,1
29,21,42,1
28,23,36,1
46,42,25,1
31,37,31,1
29,38,35,1
36,36,20,1
32,36,33,1
32,36,32,1
35,31,49,1
36,40,26,1
35,34,33,1
30,34,24,1
35,31,49,1
37,34,29,1
35,36,23,1
35,36,23,1
35,36,23,1
37,35,23,1
38,35,25,1
49,32,33,1
49,32,33,1
30,35,25,1
35,29,23,1
35,29,23,1
27,37,24,1
54,27,15,1
49,32,33,1
19,24,19,1
30,35,25,1
44,49,31,1
30,36,25,1
39,58,28,1
30,36,25,1
36,35,27,1
44,49,31,1
44,48,31,1
28,39,27,1
27,30,148,1
43,35,19,1
35,42,30,1
7,0,17,1
22,33,18,1
7,0,17,1
20,33,10,1
30,36,25,1
40,46,31,1
35,42,29,1
35,29,26,1
19,65,69,1
39,58,28,1
23,21,19,1
65,47,26,1
39,29,18,1
32,32,26,1
30,34,7,1
19,34,108,1
22,54,115,1
30,36,26,1
32,32,26,1
50,44,29,1
36,43,11,1
36,43,11,1
29,29,24,1
20,27,13,1
35,31,29,1
26,32,33,1
35,31,29,1
26,32,33,1
9,0,35,1
17,18,20,1
18,30,25,1
31,29,26,1
17,18,20,1
15,39,32,1
29,28,36,1
31,26,33,1
27,29,28,1
29,28,36,1
27,38,41,1
42,29,35,1
20,35,37,1
18,30,36,1
30,28,45,1
46,42,36,1
45,45,37,1
32,39,25,1
42,37,43,1
37,31,38,1
23,20,29,1
22,19,31,1
23,19,30,1
17,5,27,1
42,26,39,1
15,5,27,1
36,39,31,1
39,32,26,1
31,34,20,1
48,40,29,1
31,32,46,1
39,62,25,1
39,62,25,1
26,27,33,1
41,41,33,1
23,23,36,1
13,10,31,1
28,33,46,1
26,35,44,1
20,58,33,1
39,52,6,1
24,43,22,1
26,28,35,1
18,33,26,1
22,43,28,1
20,44,30,1
24,32,37,1
20,58,33,1
22,29,33,1
39,29,33,1
22,28,23,1
23,46,26,1
13,19,28,1
30,36,19,1
26,33,40,1
28,29,47,1
44,86,36,1
47,35,28,1
29,25,37,1
35,39,23,1
38,26,32,1
38,34,24,1
26,33,17,1
44,37,31,1
38,34,24,1
38,26,32,1
37,26,31,1
27,32,30,1
27,32,28,1
35,34,39,1
35,34,39,1
42,36,26,1
35,34,39,1
20,25,12,1
18,21,23,1
45,43,24,1
26,28,30,1
29,35,28,1
26,33,17,1
14,9,8,1
10,1,6,1
19,19,9,1
29,35,28,1
26,33,17,1
32,38,35,1
38,25,43,1
27,30,47,1
26,33,39,1
39,33,26,1
19,71,133,1
19,71,134,1
39,33,26,1
10,21,16,1
16,34,15,1
30,33,32,1
19,21,39,1
36,30,43,1
36,30,42,1
30,33,32,1
39,39,25,1
48,38,29,1
44,44,35,1
26,27,38,1
31,18,35,1
48,36,29,1
40,34,35,1
19,34,35,1
20,27,51,1
42,30,45,1
38,60,35,1
42,36,39,1
24,41,34,1
24,43,34,1
30,39,52,1
17,26,27,1
27,28,33,1
17,26,27,1
10,6,41,1
27,37,48,1
45,39,44,1
38,44,32,1
39,41,37,1
45,48,46,1
22,47,37,1
20,27,53,1
38,22,25,1
29,47,60,1
38,44,32,1
32,42,34,1
45,26,38,1
48,42,30,1
48,42,30,1
29,32,8,1
38,38,49,1
29,74,77,1
22,46,28,1
27,44,31,1
42,17,29,1
31,35,41,1
23,44,39,1
32,41,43,1
22,29,36,1
32,36,44,1
32,36,44,1
41,46,185,1
50,38,29,1
37,37,49,1
32,24,33,1
32,34,23,1
37,34,24,1
44,30,36,1
39,30,28,1
35,32,32,1
37,48,37,1
34,37,38,1
35,40,39,1
26,10,35,1
31,52,18,1
45,38,27,1
20,36,24,1
35,34,37,1
30,80,123,1
38,42,24,1
56,55,39,1
31,52,18,1
48,41,38,1
37,34,49,1
34,24,82,1
37,34,49,1
12,20,66,1
42,36,43,1
31,28,59,1
28,26,68,1
28,26,62,1
43,37,61,1
45,38,43,1
24,51,37,1
37,34,26,1
50,44,13,1
30,36,20,1
42,32,29,1
45,38,43,1
44,33,25,1
39,30,37,1
22,45,38,1
24,19,22,1
37,33,37,1
40,44,26,1
26,34,40,1
23,29,35,1
29,33,48,1
23,25,27,1
23,25,27,1
36,37,37,1
23,21,24,1
35,69,30,1
11,45,16,1
31,32,26,1
36,37,37,1
31,33,23,1
45,58,38,1
34,35,37,1
32,40,58,1
46,31,27,1
36,31,34,1
12,33,22,1
26,26,29,1
23,21,24,1
26,25,28,1
17,21,14,1
23,25,27,1
23,42,17,1
23,40,22,1
41,39,25,1
35,69,30,1
14,45,17,1
11,45,16,1
34,15,18,1
20,27,13,1
54,40,43,1
34,15,18,1
42,37,29,1
26,34,42,1
36,40,36,1
26,17,36,1
31,38,36,1
18,13,29,1
43,34,26,1
17,13,29,1
24,16,31,1
28,32,40,1
19,30,36,1
27,39,29,1
60,45,31,1
58,40,33,1
23,45,36,1
26,29,27,1
24,29,31,1
16,27,36,1
41,29,20,1
30,28,37,1
30,34,36,1
29,31,32,1
49,42,42,1
36,34,31,1
28,34,37,1
19,42,16,1
20,37,20,1
54,46,47,1
52,49,23,1
47,33,65,1
55,49,41,1
54,46,47,1
34,30,37,1
34,32,36,1
29,18,30,1
53,32,20,1
51,32,30,1
31,37,14,1
28,23,27,1
30,17,31,1
29,18,30,1
20,0,31,1
12,7,24,1
41,30,26,1
38,36,23,1
40,29,43,1
40,29,43,1
16,27,165,1
40,29,43,1
37,34,44,1
40,29,43,1
27,41,32,1
16,27,165,1
44,49,46,1
19,32,19,1
20,27,28,1
36,43,33,1
34,38,26,1
37,34,44,1
39,43,51,1
44,45,19,1
38,44,25,1
36,33,34,1
34,26,25,1
24,41,31,1
23,35,28,1
29,29,31,1
60,40,25,1
34,25,33,1
44,45,19,1
37,45,18,1
36,33,34,1
24,30,14,1
41,32,22,1
26,64,54,1
37,37,37,1
27,38,15,1
32,30,26,1
38,47,57,1
38,44,25,1
30,26,13,1
32,32,63,1
35,40,31,1
22,22,14,1
41,45,27,1
30,26,13,1
35,40,31,1
32,32,63,1
36,37,9,1
29,37,16,1
31,37,17,1
24,38,35,1
9,16,38,1
9,16,38,1
51,32,36,1
31,46,26,1
24,38,35,1
23,40,20,1
42,46,19,1
54,41,31,1
35,39,53,1
38,36,29,1
9,16,38,1
59,45,22,1
42,42,34,1
44,36,23,1
42,38,193,1
34,44,16,1
44,36,23,1
24,33,33,1
18,32,23,1
38,39,27,1
42,42,34,1
34,39,22,1
29,37,12,1
34,39,22,1
30,38,28,1
56,53,36,1
45,42,22,1
35,30,32,1
41,37,19,1
41,37,22,1
39,30,26,1
39,31,32,1
40,31,25,1
29,37,12,1
35,39,13,1
32,37,30,1
65,48,31,1
41,28,30,1
36,42,25,1
43,42,22,1
32,37,30,1
24,22,26,1
42,72,31,1
42,40,44,1
34,34,35,1
34,31,34,1
46,44,40,1
12,23,23,1
16,33,38,1
15,32,36,1
35,41,26,1
31,73,124,1
24,34,46,1
35,65,35,1
24,27,25,1
30,16,23,1
22,38,25,1
24,30,26,1
35,68,39,1
35,65,35,1
58,46,28,1
34,35,25,1
30,34,48,1
37,34,17,1
42,42,33,1
38,29,29,1
46,56,37,1
42,42,33,1
43,47,26,1
31,31,147,1
43,47,26,1
46,56,37,1
22,27,53,1
42,42,33,1
38,29,29,1
31,36,72,1
27,30,14,1
40,41,15,1
39,34,17,1
36,74,28,1
42,36,15,1
39,34,17,1
40,41,15,1
27,29,39,1
45,40,21,1
34,33,18,1
27,30,23,1
46,33,22,1
37,32,27,1
22,30,26,1
30,22,19,1
30,22,20,1
37,32,27,1
37,33,34,1
35,38,34,1
35,39,29,1
40,28,31,1
52,38,34,1
30,40,21,1
36,42,56,1
44,36,24,1
42,71,27,1
41,45,39,1
29,40,36,1
59,59,38,1
54,68,35,1
56,55,38,1
11,8,30,1
23,22,28,1
58,54,29,1
54,42,35,1
24,40,29,1
43,36,33,1
41,26,15,1
31,34,28,1
24,31,33,1
24,53,27,1
38,42,33,1
35,37,17,1
10,30,26,1
22,26,82,1
30,35,32,1
39,48,29,1
26,72,31,1
29,33,36,1
11,33,17,1
46,43,41,1
45,41,39,1
29,32,47,1
41,64,39,1
40,39,23,1
52,50,37,1
16,24,36,1
40,36,31,1
28,30,37,1
28,30,37,1
46,27,22,1
34,32,29,1
38,23,18,1
46,27,22,1
27,31,48,1
35,37,30,1
35,37,32,1
31,39,28,1
44,40,28,1
40,36,31,1
54,39,31,1
42,39,23,1
26,33,16,1
16,24,36,1
28,30,37,1
40,30,29,1
38,41,29,1
35,41,39,1
23,40,28,1
29,32,37,1
26,32,29,1
22,26,33,1
19,28,27,1
24,33,29,1
30,16,40,1
38,41,29,1
28,28,35,1
31,41,26,1
38,24,47,1
35,41,39,1
36,47,146,1
38,39,41,1
45,41,31,1
69,56,33,1
69,56,33,1
30,34,21,1
22,32,21,1
30,41,36,1
30,41,39,1
30,30,36,1
30,20,43,1
30,32,33,1
16,30,28,1
27,16,34,1
32,56,35,1
29,40,36,1
22,29,31,1
15,13,28,1
27,33,23,1
35,29,33,1
43,40,26,1
18,26,23,1
22,47,18,1
27,33,23,1
16,30,31,1
15,13,28,1
30,33,28,1
35,29,33,1
35,36,39,1
35,36,39,1
31,34,24,1
35,36,39,1
23,48,41,1
36,29,33,1
32,31,33,1
52,48,32,1
23,24,58,1
44,36,23,1
32,28,22,1
35,36,39,1
41,34,29,1
32,32,26,1
31,34,24,1
30,33,24,1
43,49,31,1
17,30,26,1
18,2,27,1
27,26,34,1
48,35,46,1
30,74,33,1
38,74,29,1
54,49,31,1
22,49,36,1
12,24,40,1
60,74,45,1
43,49,31,1
29,49,41,1
34,49,34,1
36,49,31,1
44,49,22,1
20,49,40,1
31,24,37,1
20,49,40,1
26,49,19,1
32,49,20,1
36,49,31,1
30,24,42,1
47,74,40,1
44,49,22,1
23,49,39,1
20,49,41,1
34,74,39,1
34,24,46,1
42,49,50,1
31,49,29,1
40,49,22,1
45,74,33,1
23,49,52,1
36,49,44,1
36,49,44,1
30,49,25,1
40,49,22,1
34,49,37,1
40,49,22,1
38,49,23,1
45,49,43,1
30,74,58,1
23,49,52,1
45,74,33,1
32,74,33,1
41,49,37,1
47,74,39,1
24,49,37,1
36,49,44,1
45,49,40,1
42,49,20,1
31,74,33,1
30,49,25,1
32,49,19,1
26,24,35,1
34,49,37,1
38,49,23,1
40,49,22,1
40,49,41,1
31,49,27,1
30,24,46,1
34,49,39,1
32,49,17,1
38,24,29,1
41,24,33,1
39,49,45,1
34,49,39,1
27,24,37,1
28,49,35,1
30,24,46,1
37,24,42,1
36,49,23,1
22,49,22,1
28,74,43,1
26,74,33,1
41,74,26,1
15,49,19,1
37,49,20,1
42,49,35,1
42,49,22,1
39,49,22,1
38,49,19,1
28,24,28,1
29,49,33,1
39,49,30,1
28,24,32,1
36,49,19,1
45,49,29,1
27,24,23,1
29,24,28,1
31,74,34,1
54,49,30,1
43,49,40,1
40,74,33,1
29,49,49,1
41,49,42,1
42,49,50,1
50,74,31,1
35,49,23,1
35,49,20,1
36,49,19,1
35,49,28,1
44,49,26,1
44,49,27,1
46,49,24,1
45,49,29,1
45,49,27,1
27,24,23,1
30,49,30,1
42,49,33,1
27,49,31,1
34,74,26,1
100,49,26,1
41,49,34,1
36,49,26,1
27,49,31,1
34,74,26,1
43,49,26,1
37,49,38,1
35,49,17,1
32,74,33,1
47,49,20,1
51,49,17,1
43,49,29,1
19,49,23,1
35,49,17,1
32,74,33,1
32,24,18,1
34,49,26,1
35,49,27,1
51,49,17,1
41,49,38,1
28,49,23,1
28,49,23,1
32,24,14,1
47,49,20,1
41,49,40,1
27,85,111,1
35,49,27,1
30,49,46,1
41,49,45,1
30,49,21,1
38,49,25,1
41,49,40,1
22,49,34,1
50,49,25,1
40,74,22,1
53,49,48,1
32,49,16,1
40,74,22,1
53,49,48,1
47,49,33,1
38,49,35,1
37,49,44,1
36,49,44,1
28,74,27,1
27,74,30,1
36,49,44,1
30,49,52,1
40,49,34,1
47,49,37,1
29,74,42,1
22,49,39,1
32,49,39,1
24,74,35,1
38,49,51,1
60,49,35,1
52,49,28,1
46,49,28,1
24,74,35,1
24,74,34,1
35,74,28,1
55,49,31,1
24,74,34,1
35,74,28,1
31,74,25,1
41,74,17,1
24,49,31,1
29,74,36,1
48,49,32,1
31,49,36,1
24,49,35,1
27,1,23,1
24,49,35,1
23,74,150,1
28,49,145,1
31,49,36,1
44,49,35,1
15,24,23,1
15,24,23,1
28,1,37,1
32,49,21,1
37,49,20,1
17,49,29,1
30,49,46,1
43,49,37,1
37,49,20,1
44,49,29,1
40,49,16,1
42,49,24,1
42,49,24,1
37,49,36,1
30,49,34,1
22,49,54,1
24,49,34,1
22,49,18,1
40,49,16,1
51,49,39,1
26,49,34,1
31,49,42,1
52,49,28,1
24,49,26,1
52,49,37,1
51,49,39,1
44,49,46,1
40,24,36,1
30,24,42,1
44,49,46,1
32,49,30,1
36,49,26,1
45,49,37,1
37,74,24,1
40,49,32,1
43,49,31,1
38,49,181,1
41,49,31,1
40,49,32,1
24,49,43,1
35,49,47,1
43,49,38,1
35,49,47,1
37,49,37,1
24,49,43,1
40,49,25,1
32,49,34,1
30,49,47,1
38,49,33,1
24,74,65,1
44,49,33,1
41,28,42,1
27,49,41,1
40,49,35,1
17,49,37,1
40,49,49,1
27,49,39,1
27,49,38,1
27,49,38,1
28,49,36,1
28,49,36,1
41,28,42,1
43,46,48,1
26,37,25,1
40,56,29,1
50,34,44,1
41,33,22,1
32,38,25,1
40,18,35,1
31,30,17,1
27,31,124,1
27,31,123,1
29,29,35,1
22,32,36,1
31,30,17,1
35,37,21,1
22,20,34,1
24,20,23,1
38,34,43,1
23,30,35,1
34,28,44,1
34,28,44,1
35,33,38,1
34,28,44,1
36,37,36,1
35,33,38,1
28,26,30,1
32,25,23,1
52,30,39,1
34,28,44,1
31,30,29,1
28,22,37,1
39,32,49,1
34,33,25,1
47,36,30,1
30,30,27,1
31,30,29,1
23,29,32,1
28,30,32,1
41,36,22,1
26,19,35,1
28,42,47,1
28,42,46,1
27,31,24,1
24,22,27,1
29,29,45,1
31,26,40,1
29,30,44,1
43,24,21,1
31,30,26,1
41,37,50,1
27,27,48,1
29,24,112,1
26,34,29,1
31,31,35,1
29,32,33,1
55,33,39,1
17,27,32,1
38,39,33,1
44,48,41,1
37,86,30,1
26,34,29,1
31,30,45,1
30,22,53,1
31,32,23,1
38,44,34,1
29,24,112,1
37,33,25,1
54,30,20,1
49,46,44,1
27,4,20,1
43,31,30,1
30,30,46,1
42,36,31,1
20,23,41,1
30,30,46,1
37,38,43,1
46,29,21,1
27,47,50,1
39,40,27,1
23,23,28,1
45,36,31,1
27,58,120,1
20,31,42,1
37,29,39,1
45,36,31,1
42,24,33,1
20,27,45,1
36,30,34,1
28,28,35,1
20,44,34,1
36,25,38,1
24,28,31,1
23,23,28,1
28,25,42,1
30,23,45,1
58,28,27,1
27,20,35,1
24,19,31,1
42,28,33,1
24,27,26,1
35,30,26,1
28,25,42,1
30,23,45,1
27,26,43,1
36,22,40,1
27,7,37,1
39,28,35,1
40,26,48,1
26,26,30,1
40,26,48,1
40,26,48,1
30,28,43,1
39,86,19,1
27,35,58,1
26,26,30,1
24,36,23,1
24,36,23,1
46,31,41,1
20,37,40,1
47,26,23,1
49,40,56,1
28,29,27,1
47,26,23,1
36,26,29,1
34,30,22,1
44,29,24,1
40,24,15,1
56,30,31,1
24,24,43,1
40,36,45,1
36,31,51,1
27,24,53,1
28,41,50,1
32,32,26,1
30,27,28,1
29,29,62,1
24,21,29,1
38,22,38,1
56,23,31,1
29,29,62,1
24,21,29,1
38,22,38,1
37,39,54,1
38,20,35,1
50,43,42,1
37,39,54,1
50,43,42,1
27,21,38,1
38,20,35,1
15,24,31,1
34,38,27,1
44,29,19,1
29,35,27,1
28,30,18,1
34,0,23,1
19,29,21,1
29,28,21,1
29,35,27,1
36,31,24,1
44,29,19,1
35,24,43,1
26,12,22,1
32,40,23,1
26,12,22,1
35,24,43,1
35,23,40,1
39,24,20,1
39,24,20,1
36,24,19,1
39,24,20,1
36,24,19,1
24,30,33,1
42,42,170,1
31,23,112,1
34,29,26,1
26,36,41,1
31,23,112,1
30,33,43,1
34,29,26,1
44,31,28,1
45,45,48,1
20,46,18,1
36,20,38,1
38,58,30,1
36,20,38,1
49,57,41,1
31,25,31,1
32,25,35,1
20,46,18,1
24,31,38,1
45,39,47,1
29,35,37,1
42,28,42,1
62,42,45,1
51,34,45,1
51,34,45,1
42,28,42,1
28,19,35,1
40,28,43,1
35,31,43,1
27,30,38,1
32,30,31,1
38,44,187,1
38,25,39,1
30,28,20,1
36,27,20,1
44,28,24,1
23,21,38,1
31,22,37,1
17,20,36,1
17,20,36,1
41,31,23,1
27,38,47,1
42,30,42,1
42,36,21,1
42,26,32,1
34,61,32,1
39,42,34,1
34,61,32,1
39,42,34,1
39,42,34,1
24,32,18,1
34,61,32,1
31,2,25,1
35,41,39,1
34,40,38,1
38,40,25,1
39,42,34,1
38,41,34,1
29,31,35,1
29,31,35,1
29,44,45,1
41,33,28,1
37,67,26,1
37,67,26,1
34,41,42,1
28,31,19,1
62,27,22,1
36,30,28,1
50,35,29,1
40,27,29,1
41,33,28,1
37,67,26,1
19,35,26,1
41,30,18,1
34,36,27,1
38,34,51,1
27,36,34,1
32,26,30,1
41,27,25,1
45,30,38,1
29,30,22,1
34,36,27,1
27,36,34,1
32,26,30,1
27,29,33,1
35,50,38,1
43,33,41,1
38,34,51,1
31,19,44,1
44,27,17,1
38,36,21,1
23,58,166,1
23,57,168,1
32,28,41,1
31,32,36,1
50,33,25,1
54,34,32,1
32,22,36,1
54,23,31,1
34,65,72,1
29,36,29,1
50,33,25,1
54,34,32,1
35,27,69,1
34,35,20,1
29,32,41,1
45,57,41,1
29,32,41,1
45,57,41,1
23,44,30,1
19,42,40,1
43,30,38,1
24,32,55,1
16,42,40,1
34,31,35,1
28,44,43,1
42,13,25,1
61,46,35,1
43,36,17,1
43,38,33,1
42,13,25,1
24,28,52,1
34,33,16,1
31,32,47,1
36,55,45,1
47,31,13,1
47,31,13,1
57,47,28,1
44,48,30,1
36,55,45,1
29,42,35,1
29,28,65,1
36,30,36,1
42,35,33,1
38,31,36,1
23,30,19,1
45,43,25,1
23,30,19,1
38,26,75,1
37,26,73,1
37,26,73,1
29,35,37,1
29,37,46,1
46,27,37,1
41,26,33,1
37,50,31,1
38,30,45,1
38,30,45,1
38,30,45,1
38,30,45,1
38,30,45,1
43,58,38,1
38,41,36,1
43,28,32,1
42,32,32,1
32,30,23,1
24,27,43,1
38,30,45,1
31,28,46,1
36,22,42,1
31,33,32,1
46,38,44,1
31,33,32,1
46,38,44,1
46,38,44,1
35,31,44,1
29,9,29,1
28,8,27,1
38,35,36,1
36,22,42,1
36,31,32,1
31,33,32,1
46,38,44,1
15,31,27,1
34,39,32,1
42,33,23,1
31,56,24,1
34,39,32,1
29,46,53,1
27,22,35,1
52,30,15,1
30,39,17,1
23,33,12,1
52,30,15,1
31,34,38,1
27,22,35,1
39,34,39,1
23,28,40,1
38,39,29,1
23,28,40,1
42,40,146,1
37,71,141,1
24,40,156,1
30,15,35,1
51,34,26,1
38,39,29,1
57,41,23,1
38,26,31,1
26,20,13,1
34,33,38,1
41,36,27,1
50,28,7,1
16,32,35,1
38,26,31,1
14,27,18,1
49,35,31,1
28,45,21,1
14,27,18,1
15,27,17,1
36,34,19,1
16,4,23,1
49,35,31,1
45,43,35,1
29,44,41,1
29,44,39,1
23,24,20,1
80,38,23,1
29,27,31,1
29,27,31,1
48,29,15,1
48,29,15,1
35,29,18,1
29,27,31,1
28,31,20,1
35,37,33,1
16,46,29,1
29,44,29,1
28,33,25,1
30,25,36,1
38,36,38,1
27,28,31,1
40,28,39,1
39,29,40,1
38,29,40,1
16,18,18,1
32,25,19,1
35,30,46,1
26,26,29,1
27,27,32,1
27,29,34,1
27,28,31,1
38,36,38,1
29,32,28,1
31,39,44,1
18,30,31,1
36,32,33,1
29,32,28,1
37,14,35,1
37,32,25,1
56,32,18,1
41,32,42,1
41,32,42,1
44,32,39,1
45,31,38,1
49,30,35,1
41,32,42,1
34,19,33,1
34,19,34,1
12,3,32,1
27,53,41,1
27,53,41,1
46,40,37,1
29,34,39,1
28,33,35,1
36,36,45,1
19,30,32,1
28,33,35,1
29,35,31,1
22,30,36,1
19,15,45,1
19,30,32,1
29,34,39,1
47,47,46,1
43,33,37,1
36,36,45,1
39,31,27,1
26,25,39,1
26,25,39,1
26,25,39,1
16,15,39,1
39,31,27,1
26,25,39,1
29,27,23,1
39,32,29,1
24,32,30,1
42,36,22,1
29,27,65,1
39,28,24,1
30,33,40,1
29,27,65,1
39,28,24,1
19,22,37,1
26,28,45,1
53,38,51,1
18,5,43,1
29,39,25,1
31,24,29,1
32,32,45,1
32,32,45,1
45,27,19,1
29,32,30,1
34,26,43,1
41,36,47,1
34,26,43,1
14,32,49,1
32,64,45,1
39,35,45,1
39,35,45,1
37,52,36,1
26,32,26,1
44,32,42,1
34,31,43,1
34,30,45,1
24,20,29,1
32,64,45,1
29,34,27,1
31,34,24,1
39,35,45,1
31,33,41,1
37,39,43,1
60,45,41,1
40,33,24,1
41,32,27,1
47,27,20,1
36,27,37,1
23,37,20,1
19,38,29,1
29,28,19,1
61,23,76,1
47,27,20,1
46,28,17,1
31,31,58,1
31,31,58,1
36,30,42,1
36,30,42,1
36,30,42,1
36,30,42,1
36,30,42,1
30,13,31,1
38,58,39,1
36,30,42,1
36,30,42,1
30,13,31,1
19,24,49,1
38,58,39,1
39,31,36,1
42,43,42,1
36,25,33,1
27,27,30,1
23,24,29,1
24,24,30,1
37,31,40,1
26,80,175,1
29,18,45,1
24,32,41,1
32,32,37,1
38,42,33,1
54,35,26,1
41,41,47,1
32,32,37,1
24,32,41,1
29,18,45,1
31,26,26,1
35,29,25,1
32,19,40,1
27,42,38,1
24,23,58,1
19,27,40,1
32,19,40,1
40,38,47,1
38,33,48,1
39,34,45,1
51,33,24,1
27,24,34,1
32,30,20,1
31,35,28,1
36,26,47,1
30,33,45,1
31,35,28,1
36,29,36,1
32,30,20,1
47,34,30,1
40,37,40,1
43,38,40,1
39,29,30,1
26,36,16,1
31,32,34,1
47,34,30,1
42,28,40,1
30,33,45,1
42,28,40,1
38,26,56,1
39,58,35,1
39,61,35,1
32,36,31,1
30,35,23,1
32,36,31,1
30,35,23,1
46,31,43,1
26,35,38,1
34,38,56,1
30,42,37,1
32,19,29,1
24,20,49,1
20,29,35,1
30,42,37,1
34,18,31,1
32,19,29,1
20,45,83,1
28,42,36,1
31,14,32,1
37,24,20,1
24,20,49,1
20,29,35,1
36,29,36,1
23,18,37,1
54,54,49,1
36,29,31,1
34,20,35,1
23,18,37,1
22,19,38,1
35,21,35,1
32,35,28,1
34,54,138,1
38,28,38,1
34,54,138,1
38,28,38,1
26,31,50,1
47,31,21,1
30,21,45,1
27,43,34,1
30,21,45,1
56,32,16,1
27,43,34,1
23,30,23,1
47,56,44,1
35,25,40,1
28,26,49,1
22,28,24,1
20,32,42,1
35,25,40,1
37,26,56,1
28,18,32,1
36,30,22,1
28,18,32,1
32,52,131,1
24,25,36,1
23,22,35,1
36,26,38,1
36,26,38,1
36,26,38,1
36,26,38,1
27,24,139,1
28,23,138,1
36,26,38,1
35,28,26,1
36,24,36,1
48,28,36,1
26,23,43,1
35,28,26,1
31,31,20,1
37,19,30,1
30,31,29,1
26,42,31,1
23,18,16,1
31,31,20,1
35,33,32,1
27,28,47,1
19,18,44,1
30,18,40,1
37,20,49,1
31,30,29,1
15,20,38,1
29,55,42,1
56,30,34,1
43,34,24,1
29,55,42,1
31,26,25,1
56,30,34,1
29,30,18,1
31,33,21,1
39,38,50,1
36,31,27,1
37,62,34,1
37,59,35,1
27,32,24,1
42,30,26,1
5,0,42,1
20,4,25,1
38,34,30,1
30,21,34,1
31,17,38,1
30,55,27,1
31,17,38,1
30,55,27,1
38,40,43,1
37,29,39,1
37,32,21,1
23,32,38,1
29,28,13,1
37,35,47,1
45,34,37,1
29,22,30,1
26,35,56,1
34,30,40,1
31,26,30,1
39,29,49,1
34,30,40,1
39,27,23,1
28,27,21,1
31,26,30,1
43,26,32,1
39,63,28,1
37,29,20,1
45,31,18,1
41,40,146,1
41,22,37,1
41,34,29,1
20,16,49,1
31,26,33,1
26,28,35,1
38,33,13,1
32,32,40,1
51,37,17,1
36,27,29,1
19,27,138,1
43,34,39,1
44,46,39,1
26,29,24,1
28,26,42,1
27,24,49,1
38,35,81,1
36,44,39,1
34,30,39,1
36,30,26,1
20,29,19,1
23,24,28,1
22,73,88,1
19,18,25,1
38,37,23,1
34,30,28,1
31,29,25,1
34,30,28,1
31,29,39,1
56,56,52,1
24,19,73,1
24,19,74,1
31,42,31,1
30,28,18,1
28,29,14,1
30,28,18,1
38,68,31,1
30,29,42,1
30,30,42,1
38,35,30,1
29,26,31,1
31,26,31,1
26,29,32,1
24,34,80,1
24,34,82,1
23,55,45,1
31,29,48,1
46,25,36,1
26,27,26,1
42,39,13,1
20,24,35,1
54,42,36,1
54,49,33,1
42,28,27,1
50,36,23,1
60,46,35,1
27,18,33,1
41,26,22,1
38,27,25,1
37,10,33,1
32,28,23,1
31,26,36,1
42,25,34,1
23,17,69,1
32,28,23,1
22,18,84,1
44,30,39,1
31,26,36,1
35,9,33,1
23,16,21,1
20,41,59,1
43,32,20,1
29,43,34,1
22,18,85,1
34,29,25,1
22,18,85,1
34,29,25,1
35,26,29,1
43,28,29,1
35,26,29,1
43,28,29,1
24,17,31,1
23,14,34,1
24,17,33,1
36,20,43,1
45,27,34,1
24,35,23,1
30,28,45,1
42,28,39,1
30,28,45,1
35,37,31,1
29,26,130,1
34,28,17,1
38,32,52,1
27,33,41,1
38,32,52,1
27,34,40,1
27,33,41,1
26,26,31,1
27,27,29,1
28,26,32,1
27,15,26,1
27,15,26,1
35,27,16,1
23,26,16,1
32,30,25,1
40,33,20,1
43,36,26,1
43,36,26,1
40,33,20,1
27,24,34,1
27,24,34,1
44,33,42,1
45,33,42,1
31,26,28,1
19,15,42,1
37,77,30,1
37,78,29,1
31,32,27,1
11,34,18,1
29,10,38,1
38,34,45,1
15,40,11,1
50,23,21,1
19,21,32,1
20,31,24,1
36,9,60,1
29,49,125,1
20,31,24,1
23,37,36,1
27,30,41,1
29,30,38,1
24,37,30,1
22,37,36,1
23,37,36,1
24,16,39,1
42,32,34,1
28,32,68,1
41,27,23,1
41,27,23,1
20,24,63,1
39,49,25,1
19,24,64,1
20,24,63,1
38,23,43,1
38,23,43,1
23,22,32,1
48,25,20,1
29,36,35,1
29,36,35,1
30,31,28,1
29,36,35,1
24,40,28,1
48,36,34,1
48,36,34,1
47,28,43,1
36,41,42,1
27,34,33,1
32,31,21,1
27,25,34,1
42,57,42,1
22,45,34,1
22,49,47,1
15,29,32,1
30,36,21,1
30,30,18,1
32,30,7,1
32,29,27,1
35,29,23,1
32,30,7,1
23,55,29,1
37,23,43,1
26,33,18,1
35,24,110,1
44,38,42,1
37,23,43,1
35,24,110,1
26,33,18,1
35,35,25,1
24,37,26,1
27,13,33,1
17,12,25,1
28,27,38,1
28,27,38,1
24,30,35,1
29,30,32,1
52,34,18,1
26,25,35,1
18,14,21,1
18,14,21,1
22,18,17,1
52,34,19,1
52,34,18,1
51,34,18,1
26,25,35,1
30,30,25,1
34,24,30,1
28,38,35,1
22,14,41,1
23,42,34,1
37,47,41,1
22,14,41,1
23,42,34,1
27,52,35,1
23,42,32,1
24,44,32,1
23,42,32,1
38,64,22,1
24,44,32,1
23,42,32,1
16,65,68,1
30,26,19,1
30,22,41,1
30,26,19,1
16,65,68,1
27,16,26,1
35,16,37,1
30,24,10,1
27,28,17,1
29,36,32,1
27,24,23,1
27,28,17,1
31,32,21,1
31,28,15,1
23,36,24,1
29,24,32,1
28,42,27,1
26,40,28,1
28,36,26,1
17,27,3,1
24,56,137,1
39,26,42,1
29,30,51,1
29,30,51,1
29,30,51,1
29,30,51,1
29,30,51,1
29,30,51,1
10,25,28,1
29,30,51,1
34,10,57,1
30,28,39,1
28,30,48,1
35,29,27,1
23,29,37,1
13,13,17,1
44,34,31,1
40,31,35,1
24,34,12,1
40,31,35,1
30,27,23,1
29,42,31,1
22,32,20,1
24,34,12,1
28,29,14,1
28,29,14,1
32,30,8,1
34,36,17,1
51,33,13,1
37,32,13,1
32,30,8,1
23,46,42,1
26,39,27,1
28,29,14,1
27,52,39,1
21,37,10,1
26,41,28,1
26,41,28,1
26,41,28,1
27,21,15,1
27,35,52,1
26,28,30,1
27,52,39,1
27,21,15,1
26,41,28,1
21,37,10,1
4,21,22,1
42,26,22,1
40,23,18,1
31,24,19,1
17,0,33,1
18,26,16,1
28,28,1,1
29,20,54,1
34,27,23,1
49,73,33,1
44,26,51,1
34,27,23,1
49,73,33,1
37,38,12,1
54,37,23,1
36,37,17,1
20,35,31,1
38,40,55,1
43,22,36,1
33,24,108,1
28,30,37,1
16,36,35,1
17,28,26,1
27,29,46,1
33,24,108,1
31,39,55,1
24,26,58,1
35,31,7,1
24,27,31,1
30,22,70,1
29,23,23,1
32,24,28,1
25,42,39,1
26,44,41,1
32,34,22,1
28,34,56,1
34,26,30,1
31,33,32,1
42,25,22,1
22,34,19,1
45,41,39,1
18,31,19,1
27,25,28,1
58,21,28,1
29,40,35,1
18,31,19,1
18,30,19,1
31,30,38,1
41,31,26,1
34,25,21,1
34,24,22,1
38,33,20,1
22,31,19,1
32,17,31,1
38,28,30,1
42,29,18,1
34,27,50,1
38,25,19,1
32,17,31,1
27,29,15,1
31,36,18,1
42,29,18,1
27,38,31,1
34,27,50,1
38,28,30,1
30,25,30,1
22,27,19,1
30,32,13,1
28,25,25,1
22,27,19,1
16,28,14,1
26,50,37,1
31,37,32,1
30,32,13,1
30,25,30,1
26,31,16,1
26,36,27,1
26,36,27,1
26,36,27,1
27,38,148,1
28,39,149,1
37,39,34,1
26,36,27,1
29,42,33,1
40,34,33,1
40,34,33,1
15,22,38,1
24,44,34,1
29,42,33,1
29,37,32,1
40,28,29,1
40,34,33,1
29,29,35,1
11,29,17,1
37,31,18,1
37,30,16,1
44,64,32,1
38,27,19,1
37,25,27,1
37,31,18,1
30,32,34,1
12,31,25,1
26,31,30,1
26,28,40,1
26,31,24,1
29,22,49,1
41,36,40,1
41,34,38,1
26,31,24,1
32,28,37,1
26,28,40,1
26,31,30,1
36,28,36,1
30,42,56,1
29,28,23,1
23,19,37,1
30,42,56,1
42,28,37,1
28,33,23,1
28,33,23,1
28,22,21,1
31,30,34,1
35,33,46,1
17,34,34,1
35,33,46,1
17,34,34,1
29,36,25,1
32,30,14,1
17,27,15,1
18,28,16,1
27,18,71,1
48,34,48,1
15,26,27,1
17,26,28,1
39,35,44,1
39,36,43,1
19,15,49,1
35,35,39,1
39,34,37,1
41,30,39,1
24,29,17,1
30,37,23,1
41,30,39,1
39,34,37,1
35,35,39,1
24,44,37,1
23,24,41,1
22,32,15,1
38,32,24,1
31,32,34,1
31,32,34,1
31,32,34,1
38,36,32,1
38,32,24,1
28,37,14,1
22,34,25,1
40,60,63,1
32,31,42,1
32,31,42,1
32,31,42,1
24,25,72,1
42,36,23,1
24,25,72,1
30,42,55,1
30,43,54,1
32,31,42,1
27,51,36,1
29,44,35,1
26,30,22,1
29,53,42,1
24,32,17,1
26,30,22,1
29,53,42,1
30,32,25,1
28,37,25,1
27,51,36,1
29,44,35,1
15,31,27,1
14,32,20,1
24,32,17,1
35,26,29,1
37,71,27,1
37,72,28,1
31,48,31,1
17,31,38,1
40,31,14,1
36,32,19,1
28,34,15,1
17,31,38,1
28,39,21,1
27,24,27,1
34,41,41,1
28,39,21,1
19,47,41,1
19,34,31,1
28,81,134,1
27,46,45,1
26,24,33,1
38,34,29,1
34,40,36,1
23,22,37,1
26,45,42,1
24,31,23,1
24,31,23,1
32,32,33,1
27,34,39,1
27,43,53,1
27,30,20,1
34,28,37,1
22,27,30,1
23,22,37,1
26,45,42,1
35,30,39,1
30,29,22,1
17,29,23,1
26,33,25,1
14,38,25,1
18,40,36,1
18,38,35,1
42,31,38,1
26,29,17,1
30,29,22,1
17,34,24,1
27,7,22,1
39,37,147,1
28,29,42,1
35,34,41,1
41,39,30,1
12,39,17,1
24,28,36,1
30,26,16,1
15,58,23,1
27,31,16,1
30,26,16,1
27,36,23,1
35,33,26,1
24,28,36,1
10,32,17,1
26,32,25,1
12,39,17,1
15,46,21,1
15,58,23,1
28,32,10,1
22,23,7,1
19,29,17,1
28,32,10,1
28,38,26,1
2,36,18,1
17,32,34,1
13,36,19,1
28,38,26,1
24,31,29,1
26,55,34,1
18,33,16,1
16,30,18,1
41,35,28,1
34,28,22,1
31,30,28,1
29,33,36,1
31,32,21,1
30,30,22,1
27,31,31,1
24,28,21,1
47,34,29,1
46,36,21,1
11,29,24,1
30,30,30,1
28,46,43,1
22,34,27,1
24,36,33,1
24,26,43,1
31,39,44,1
28,46,43,1
48,28,21,1
22,26,39,1
20,37,20,1
26,32,17,1
22,14,25,1
16,25,24,1
24,32,23,1
38,26,62,1
27,46,36,1
16,25,24,1
22,31,20,1
22,30,20,1
20,20,20,1
22,14,25,1
26,32,17,1
39,30,35,1
30,38,30,1
30,38,30,1
19,26,42,1
32,40,22,1
16,28,8,1
24,32,27,1
36,40,21,1
28,31,43,1
26,47,3,1
30,31,18,1
27,29,35,1
39,30,27,1
11,33,17,1
31,31,25,1
31,31,25,1
27,29,35,1
15,40,30,1
11,33,17,1
24,32,27,1
30,31,18,1
12,29,17,1
32,28,12,1
11,27,19,1
39,30,27,1
31,29,28,1
31,29,28,1
32,34,25,1
34,30,11,1
29,46,26,1
31,29,28,1
32,34,25,1
8,31,5,1
10,28,15,1
10,28,15,1
29,48,38,1
19,52,67,1
19,25,31,1
34,22,33,1
20,25,30,1
19,25,31,1
24,30,25,1
36,24,31,1
43,38,23,1
24,30,20,1
34,22,33,1
35,26,5,1
39,34,29,1
30,41,19,1
30,38,101,1
37,29,10,1
17,24,33,1
14,26,10,1
27,30,40,1
27,30,40,1
46,31,10,1
28,30,14,1
46,31,10,1
35,24,39,1
23,22,28,1
27,30,40,1
37,40,45,1
42,33,34,1
29,39,15,1
27,20,33,1
27,20,33,1
28,26,23,1
20,42,5,1
47,28,22,1
31,31,39,1
19,32,18,1
30,30,26,1
28,28,28,1
28,28,28,1
29,28,28,1
34,31,23,1
22,32,25,1
9,32,21,1
23,28,23,1
27,27,27,1
29,28,28,1
29,28,28,1
27,34,26,1
26,36,23,1
30,33,24,1
19,30,14,1
29,28,28,1
28,28,28,1
27,27,27,1
23,28,23,1
34,31,23,1
23,36,23,1
30,36,26,1
22,32,25,1
9,32,21,1
9,33,19,1
26,50,43,1
28,31,50,1
27,36,18,1
29,37,15,1
31,37,31,1
31,34,29,1
34,30,9,1
31,37,31,1
18,30,24,1
29,31,26,1
34,30,9,1
46,35,18,1
29,29,35,1
42,21,39,1
31,34,29,1
31,37,31,1
13,29,34,1
46,30,13,1
36,22,24,1
37,37,39,1
32,29,13,1
32,29,13,1
17,25,31,1
28,46,25,1
29,38,34,1
30,47,31,1
19,33,15,1
29,34,43,1
23,42,26,1
26,45,16,1
23,29,33,1
23,37,34,1
22,41,26,1
23,42,26,1
34,86,136,1
19,30,33,1
16,26,23,1
30,37,16,1
39,53,30,1
32,43,12,1
37,38,115,1
22,24,28,1
37,38,115,1
15,66,32,1
38,36,31,1
17,31,25,1
23,44,13,1
30,41,5,1
34,37,15,1
22,38,34,1
47,48,15,1
22,54,35,1
22,54,35,1
29,43,19,1
22,54,35,1
36,79,27,1
31,38,34,1
36,79,27,1
35,42,22,1
20,38,22,1
31,43,18,1
29,43,19,1
26,38,17,1
37,47,30,1
28,41,28,1
27,33,31,1
24,40,31,1
23,30,28,1
22,38,34,1
32,35,17,1
27,34,21,1
47,48,15,1
22,54,35,1
19,51,18,1
17,32,13,1
27,35,19,1
47,40,25,1
17,32,13,1
20,34,30,1
23,37,13,1
22,38,20,1
27,35,19,1
23,47,29,1
38,52,32,1
31,45,34,1
59,49,21,1
59,49,21,1
29,39,23,1
27,50,34,1
10,27,11,1
28,40,22,1
28,51,17,1
31,34,27,1
26,26,29,1
31,45,34,1
38,49,36,1
39,51,34,1
38,52,32,1
39,49,36,1
38,46,36,1
30,36,43,1
28,46,22,1
26,39,25,1
38,34,32,1
26,39,41,1
23,32,29,1
23,32,29,1
28,37,23,1
26,39,25,1
18,39,20,1
18,37,16,1
22,42,38,1
38,34,32,1
15,27,19,1
14,22,26,1
26,39,41,1
36,38,41,1
34,37,48,1
38,38,32,1
9,21,28,1
20,38,28,1
26,38,36,1
23,26,50,1
23,32,29,1
27,35,23,1
26,33,32,1
27,39,46,1
15,27,29,1
22,39,40,1
30,43,31,1
22,29,34,1
27,39,46,1
18,32,27,1
40,50,34,1
14,27,29,1
22,36,28,1
22,36,28,1
22,36,28,1
34,40,27,1
22,36,28,1
34,40,27,1
17,47,16,1
22,36,28,1
38,87,24,1
17,33,18,1
34,38,19,1
29,34,9,1
20,42,22,1
29,34,9,1
32,37,8,1
30,32,31,1
26,46,12,1
20,42,22,1
29,34,9,1
32,37,8,1
40,36,13,1
20,52,26,1
11,37,20,1
15,40,23,1
22,38,8,1
16,26,32,1
38,46,25,1
35,39,37,1
28,36,31,1
28,34,25,1
30,35,27,1
40,34,28,1
35,39,37,1
15,22,39,1
38,35,40,1
47,40,35,1
26,38,16,1
45,37,14,1
14,33,27,1
26,38,16,1
22,41,29,1
26,40,30,1
49,59,35,1
28,37,16,1
31,36,44,1
27,33,24,1
17,30,15,1
38,44,26,1
45,37,14,1
14,33,27,1
16,32,25,1
31,42,26,1
24,38,33,1
41,44,16,1
24,38,33,1
29,40,21,1
11,36,20,1
41,44,16,1
15,34,11,1
24,38,33,1
29,34,24,1
29,36,22,1
27,39,20,1
29,42,34,1
29,24,34,1
24,34,29,1
17,23,42,1
44,44,32,1
24,32,30,1
37,45,30,1
11,20,22,1
32,33,93,1
34,46,33,1
17,23,42,1
26,25,125,1
22,31,25,1
52,53,91,1
27,38,23,1
27,34,26,1
44,44,32,1
16,28,34,1
27,40,30,1
16,30,35,1
29,37,44,1
29,42,43,1
22,26,36,1
28,57,45,1
29,37,27,1
28,32,27,1
22,29,24,1
27,34,43,1
16,28,34,1
30,39,24,1
24,35,28,1
38,29,48,1
27,24,23,1
24,42,25,1
17,42,25,1
31,35,25,1
27,24,23,1
28,36,9,1
38,29,48,1
29,41,23,1
39,49,26,1
24,37,28,1
24,35,28,1
28,45,32,1
28,37,32,1
32,37,14,1
12,16,18,1
32,40,31,1
36,31,34,1
36,31,34,1
36,31,34,1
36,31,34,1
36,31,34,1
36,31,34,1
23,32,19,1
38,32,36,1
26,31,19,1
18,12,24,1
2,23,30,1
43,32,19,1
17,20,32,1
37,36,40,1
27,36,50,1
24,29,33,1
26,34,33,1
37,32,34,1
24,32,27,1
20,31,28,1
26,2,32,1
27,30,49,1
24,25,46,1
27,36,50,1
36,32,54,1
24,29,33,1
26,30,40,1
28,36,28,1
27,14,158,1
42,25,24,1
29,31,35,1
29,31,36,1
29,31,35,1
27,14,158,1
27,42,33,1
40,37,32,1
15,33,33,1
27,41,35,1
29,35,29,1
35,28,32,1
27,41,35,1
27,42,33,1
26,50,36,1
23,35,28,1
29,32,18,1
40,37,32,1
15,33,33,1
27,28,21,1
23,34,21,1
19,30,22,1
23,29,11,1
19,30,22,1
56,29,26,1
24,28,28,1
28,27,28,1
23,29,37,1
19,29,36,1
18,28,21,1
35,33,31,1
27,38,47,1
17,37,25,1
17,37,25,1
15,32,32,1
27,35,31,1
10,28,36,1
37,36,39,1
19,33,29,1
16,30,28,1
32,31,26,1
30,30,36,1
29,28,24,1
27,28,31,1
17,36,25,1
24,29,27,1
28,34,38,1
28,33,37,1
29,32,35,1
26,28,48,1
10,22,36,1
27,25,23,1
30,29,37,1
30,29,37,1
30,29,37,1
34,28,35,1
38,27,39,1
22,31,37,1
38,27,39,1
26,32,48,1
30,28,37,1
30,29,37,1
29,24,47,1
28,24,46,1
27,21,44,1
34,28,35,1
24,27,36,1
34,28,49,1
19,28,23,1
28,28,23,1
26,28,21,1
18,28,27,1
12,23,15,1
29,28,37,1
19,33,22,1
28,28,23,1
26,28,21,1
32,49,22,1
24,27,36,1
34,28,49,1
19,28,23,1
19,26,22,1
38,26,22,1
22,21,21,1
19,25,22,1
27,28,30,1
31,28,28,1
19,25,22,1
22,21,21,1
15,26,40,1
30,24,23,1
18,21,34,1
40,26,36,1
27,28,30,1
31,25,39,1
20,27,19,1
38,49,35,1
26,34,29,1
30,35,34,1
26,34,29,1
24,32,35,1
29,30,33,1
24,31,26,1
20,27,19,1
38,49,35,1
50,35,85,1
27,30,15,1
30,30,15,1
30,30,15,1
28,26,25,1
42,30,19,1
26,45,37,1
27,46,36,1
36,28,21,1
23,29,31,1
20,32,41,1
15,33,26,1
39,18,43,1
50,30,17,1
39,18,43,1
50,25,13,1
17,28,23,1
17,32,26,1
15,33,26,1
20,32,41,1
32,30,30,1
22,35,40,1
51,35,21,1
19,17,25,1
29,29,31,1
28,48,39,1
51,35,21,1
20,30,20,1
34,40,21,1
28,30,19,1
34,40,21,1
20,30,20,1
38,49,49,1
23,28,48,1
22,28,15,1
32,39,40,1
24,27,23,1
32,40,36,1
32,40,36,1
17,26,28,1
24,27,23,1
32,39,40,1
32,40,36,1
32,39,36,1
40,29,33,1
22,27,26,1
44,29,65,1
26,28,23,1
30,23,30,1
28,22,41,1
28,44,46,1
28,22,41,1
29,32,29,1
32,28,29,1
18,27,24,1
19,22,31,1
28,44,46,1
27,32,22,1
35,30,46,1
19,29,33,1
28,29,23,1
27,32,22,1
27,29,18,1
27,29,18,1
42,48,36,1
15,30,27,1
17,0,22,1
35,24,20,1
19,13,31,1
20,31,26,1
17,20,16,1
38,28,45,1
29,40,44,1
28,30,31,1
29,34,29,1
22,31,24,1
30,41,35,1
29,34,29,1
29,34,29,1
27,27,36,1
27,36,20,1
38,28,45,1
28,30,31,1
29,40,44,1
28,36,34,1
26,27,27,1
26,19,53,1
22,45,49,1
22,24,21,1
38,24,26,1
22,45,49,1
18,28,28,1
26,27,27,1
17,30,36,1
13,27,22,1
20,26,24,1
22,24,21,1
37,32,45,1
30,33,28,1
26,19,53,1
40,20,25,1
28,31,30,1
38,24,26,1
42,44,46,1
19,27,25,1
19,27,25,1
28,36,31,1
23,28,31,1
19,28,27,1
39,86,21,1
24,36,41,1
20,30,25,1
19,27,25,1
28,36,31,1
28,45,43,1
30,31,29,1
26,34,18,1
19,32,20,1
37,28,31,1
32,28,25,1
28,45,43,1
24,25,35,1
31,24,30,1
26,28,35,1
23,31,32,1
41,28,21,1
39,23,19,1
29,33,20,1
34,34,33,1
27,29,25,1
37,41,39,1
30,62,27,1
19,15,37,1
18,24,27,1
27,41,37,1
19,15,37,1
12,27,17,1
12,27,17,1
51,28,13,1
38,29,42,1
30,13,25,1
32,27,23,1
34,35,35,1
24,44,37,1
34,46,25,1
27,30,34,1
34,35,35,1
24,44,37,1
34,28,21,1
22,47,129,1
26,25,18,1
34,31,20,1
40,25,13,1
43,27,19,1
27,37,25,1
19,20,20,1
19,20,20,1
35,29,28,1
27,37,25,1
35,29,28,1
22,19,18,1
19,20,20,1
34,32,11,1
16,22,33,1
16,22,33,1
16,22,33,1
43,28,12,1
17,15,31,1
7,21,26,1
43,28,12,1
16,22,33,1
37,24,20,1
27,28,21,1
31,12,39,1
38,34,17,1
31,12,39,1
27,28,21,1
42,27,25,1
38,28,18,1
30,27,20,1
40,34,24,1
42,27,25,1
30,27,20,1
18,0,22,1
38,28,18,1
40,40,16,1
43,21,25,1
29,28,16,1
36,36,37,1
35,27,24,1
28,22,27,1
36,28,17,1
37,21,15,1
34,24,12,1
23,32,26,1
39,30,30,1
36,28,17,1
31,35,21,1
17,28,33,1
29,71,31,1
29,71,31,1
29,71,31,1
27,35,26,1
24,36,42,1
15,27,32,1
15,28,33,1
29,32,38,1
34,29,20,1
27,28,23,1
27,28,31,1
17,24,22,1
27,38,42,1
29,30,38,1
27,24,28,1
27,24,27,1
31,27,16,1
36,23,6,1
28,48,45,1
24,24,36,1
29,18,36,1
31,25,33,1
31,25,33,1
28,48,45,1
29,18,36,1
29,18,35,1
31,25,33,1
24,24,36,1
34,30,26,1
39,61,30,1
31,33,30,1
32,24,33,1
29,28,20,1
23,26,29,1
32,24,33,1
34,30,26,1
29,28,20,1
27,28,18,1
39,61,30,1
31,33,30,1
24,20,106,1
24,20,106,1
24,20,107,1
27,25,25,1
27,25,25,1
26,51,34,1
27,25,25,1
38,27,10,1
17,0,9,1
26,39,9,1
49,34,7,1
24,32,3,1
28,32,6,1
29,33,36,1
19,40,41,1
19,40,41,1
29,33,36,1
24,23,35,1
18,28,28,1
34,22,20,1
24,24,26,1
35,25,21,1
31,37,24,1
30,60,26,1
23,17,49,1
27,33,25,1
23,17,49,1
29,32,36,1
29,26,27,1
32,28,19,1
16,47,24,1
17,30,32,1
13,16,25,1
17,28,21,1
28,39,38,1
20,12,39,1
26,31,23,1
9,54,24,1
13,16,25,1
29,26,27,1
17,28,21,1
26,26,19,1
18,32,18,1
22,18,33,1
29,29,14,1
35,29,21,1
13,30,18,1
27,20,42,1
15,19,38,1
12,30,18,1
30,58,21,1
34,25,74,1
32,27,26,1
29,41,33,1
31,26,16,1
24,44,40,1
29,41,33,1
29,30,17,1
29,41,33,1
38,37,76,1
19,27,19,1
32,35,29,1
31,26,16,1
15,24,16,1
36,26,16,1
32,27,26,1
29,30,17,1
34,25,74,1
24,40,42,1
24,44,40,1
29,41,33,1
23,34,25,1
38,37,76,1
31,27,65,1
27,22,39,1
37,31,39,1
37,31,39,1
37,31,39,1
37,31,39,1
27,34,26,1
28,43,30,1
39,46,77,1
28,9,28,1
6,9,9,1
37,31,39,1
23,18,34,1
27,23,38,1
47,30,17,1
26,38,25,1
29,26,30,1
23,24,42,1
27,22,39,1
27,45,27,1
23,27,13,1
39,23,57,1
39,23,58,1
16,28,25,1
13,33,40,1
27,28,17,1
7,28,19,1
16,28,25,1
22,33,17,1
37,41,33,1
22,20,24,1
31,26,30,1
37,41,33,1
26,34,18,1
19,29,31,1
20,46,141,1
26,48,15,1
32,72,145,1
15,18,23,1
31,28,40,1
31,28,40,1
31,28,40,1
31,28,40,1
31,28,40,1
31,28,40,1
31,28,40,1
36,28,29,1
29,30,59,1
22,25,44,1
23,29,40,1
31,28,40,1
14,23,28,1
26,34,29,1
27,33,31,1
13,15,15,1
40,32,4,1
14,23,28,1
26,34,29,1
27,33,31,1
40,32,4,1
40,32,5,1
20,28,17,1
36,35,14,1
28,24,6,1
13,15,15,1
30,17,22,1
30,17,22,1
30,17,22,1
23,29,24,1
30,17,22,1
36,31,3,1
20,28,31,1
23,29,24,1
9,12,0,1
28,39,29,1
26,28,7,1
30,31,29,1
26,28,7,1
23,30,11,1
26,45,11,1
28,39,29,1
36,29,9,1
38,30,7,1
24,45,39,1
26,27,53,1
15,31,16,1
36,48,26,1
24,44,32,1
27,52,33,1
27,52,36,1
24,45,39,1
26,50,40,1
29,30,32,1
23,26,38,1
14,45,35,1
26,27,53,1
27,29,45,1
31,21,87,1
41,39,46,1
31,28,31,1
43,30,25,1
45,30,22,1
41,39,46,1
34,34,31,1
43,30,25,1
45,30,22,1
31,21,87,1
29,62,30,1
30,62,31,1
34,34,31,1
29,34,49,1
34,38,41,1
41,39,46,1
31,28,31,1
36,28,38,1
23,32,31,1
29,30,34,1
23,24,25,1
10,26,23,1
10,26,23,1
23,20,28,1
30,28,31,1
31,28,22,1
28,49,41,1
35,30,31,1
28,21,23,1
10,26,23,1
10,18,42,1
23,24,25,1
32,23,24,1
7,23,23,1
29,19,75,1
29,19,75,1
31,29,47,1
26,22,41,1
22,23,41,1
42,33,39,1
42,33,39,1
26,22,41,1
22,23,41,1
28,25,17,1
27,50,25,1
37,31,21,1
37,28,17,1
28,25,17,1
24,23,44,1
28,32,12,1
24,23,44,1
32,78,162,1
44,43,36,1
28,32,12,1
18,29,19,1
18,23,26,1
27,26,20,1
18,27,19,1
18,29,21,1
18,23,26,1
13,27,38,1
20,30,28,1
35,26,37,1
35,26,37,1
22,30,43,1
26,19,34,1
26,19,34,1
27,22,27,1
19,38,29,1
46,32,37,1
35,26,37,1
19,25,45,1
22,30,43,1
20,27,44,1
26,19,34,1
35,54,43,1
38,51,83,1
28,51,51,1
36,27,46,1
20,28,48,1
32,31,42,1
26,31,58,1
29,20,43,1
19,24,36,1
19,24,36,1
32,37,38,1
29,31,34,1
19,24,36,1
34,36,18,1
29,31,34,1
34,36,18,1
19,24,36,1
22,26,35,1
24,26,32,1
32,37,38,1
19,30,25,1
31,10,33,1
18,16,20,1
31,33,10,1
28,29,27,1
31,30,24,1
47,34,24,1
19,30,25,1
31,10,33,1
7,12,2,1
20,38,127,1
17,26,60,1
9,18,25,1
26,30,25,1
26,30,25,1
28,30,27,1
22,24,26,1
22,24,26,1
32,30,29,1
34,81,132,1
26,30,25,1
34,32,43,1
22,24,26,1
6,18,25,1
32,30,29,1
22,51,45,1
24,28,26,1
27,28,24,1
36,37,39,1
35,34,46,1
28,30,27,1
48,30,34,1
48,30,34,1
48,33,20,1
30,29,45,1
26,31,35,1
27,47,52,1
27,47,52,1
20,26,19,1
22,28,25,1
30,28,39,1
49,21,28,1
35,30,29,1
31,20,35,1
16,25,31,1
26,36,159,1
44,38,29,1
22,32,37,1
30,37,42,1
8,34,57,1
34,39,42,1
24,15,35,1
20,32,37,1
22,32,37,1
19,33,31,1
20,32,31,1
16,30,34,1
30,37,42,1
8,34,57,1
23,20,55,1
31,30,32,1
46,30,27,1
23,20,55,1
31,30,32,1
13,18,39,1
39,36,15,1
15,19,37,1
15,19,37,1
27,24,29,1
38,46,73,1
34,27,21,1
19,32,33,1
37,48,45,1
35,23,39,1
13,19,37,1
23,51,38,1
26,52,38,1
24,30,23,1
28,31,24,1
24,30,23,1
29,67,153,1
23,51,38,1
26,52,38,1
20,26,22,1
31,29,14,1
30,25,19,1
26,53,29,1
26,52,23,1
20,25,24,1
23,27,25,1
20,26,22,1
15,25,32,1
31,29,14,1
29,27,33,1
29,27,33,1
35,41,37,1
20,17,37,1
29,27,33,1
35,41,37,1
30,41,49,1
28,32,30,1
28,34,37,1
28,34,37,1
42,31,27,1
28,34,37,1
19,29,30,1
24,49,42,1
24,49,42,1
24,49,42,1
24,57,51,1
20,48,41,1
29,35,36,1
26,26,31,1
29,35,36,1
13,32,26,1
24,57,51,1
20,48,41,1
29,32,43,1
34,29,33,1
19,29,30,1
24,49,42,1
26,24,40,1
26,48,43,1
22,12,43,1
34,24,44,1
18,24,26,1
24,48,43,1
22,12,43,1
24,12,45,1
31,42,51,1
34,24,44,1
38,37,22,1
19,27,35,1
22,45,18,1
38,37,22,1
24,26,41,1
18,27,18,1
20,30,20,1
30,38,12,1
24,57,49,1
29,22,23,1
37,38,10,1
29,22,23,1
24,22,21,1
35,22,30,1
35,22,33,1
24,57,49,1
20,16,22,1
23,29,41,1
22,22,42,1
36,27,39,1
36,27,39,1
36,27,39,1
36,27,39,1
34,28,39,1
30,35,27,1
30,35,27,1
29,36,23,1
36,27,39,1
29,27,17,1
22,22,42,1
36,27,39,1
34,28,39,1
29,27,17,1
26,18,21,1
27,36,25,1
30,35,27,1
29,36,23,1
24,1,37,1
24,1,37,1
36,32,25,1
20,21,79,1
14,21,21,1
27,26,18,1
32,27,46,1
30,28,51,1
32,27,46,1
22,28,38,1
20,27,37,1
38,32,37,1
37,38,32,1
26,16,43,1
27,19,49,1
16,26,38,1
36,26,39,1
16,21,33,1
17,21,33,1
13,28,41,1
16,27,39,1
16,26,38,1
18,28,35,1
22,32,41,1
26,24,37,1
36,29,37,1
31,40,47,1
26,42,48,1
35,27,36,1
29,24,87,1
28,30,59,1
24,28,46,1
24,20,48,1
27,27,99,1
24,28,19,1
27,27,99,1
42,35,43,1
24,28,46,1
27,34,35,1
24,20,48,1
23,23,26,1
30,23,46,1
30,23,46,1
16,28,19,1
30,27,24,1
30,45,28,1
12,56,30,1
29,26,26,1
28,42,24,1
9,22,32,1
38,27,42,1
14,25,29,1
19,25,30,1
20,29,30,1
37,29,35,1
35,32,30,1
22,20,58,1
22,20,58,1
26,31,35,1
26,31,35,1
36,50,38,1
23,22,43,1
22,25,48,1
27,32,84,1
19,36,41,1
23,23,37,1
23,22,36,1
28,34,48,1
27,32,43,1
23,31,9,1
29,32,21,1
36,26,37,1
36,26,37,1
16,27,29,1
29,28,27,1
18,24,35,1
18,23,24,1
36,26,37,1
27,32,30,1
29,35,43,1
29,29,41,1
29,29,41,1
18,27,40,1
20,28,44,1
29,29,41,1
29,29,41,1
32,29,53,1
29,35,43,1
22,25,44,1
17,28,27,1
38,31,35,1
36,32,21,1
22,25,44,1
20,47,38,1
22,50,37,1
20,47,38,1
23,52,36,1
36,30,45,1
36,30,45,1
36,30,45,1
36,30,45,1
36,30,45,1
36,30,45,1
34,38,50,1
31,35,52,1
27,35,39,1
17,31,33,1
23,32,29,1
19,26,28,1
28,34,24,1
36,30,45,1
27,37,29,1
29,27,49,1
32,82,152,1
23,22,39,1
30,39,37,1
29,33,38,1
24,33,26,1
17,33,27,1
30,40,41,1
26,61,42,1
27,32,28,1
37,56,44,1
22,30,30,1
24,28,29,1
30,40,41,1
38,32,32,1
18,34,26,1
12,30,37,1
24,21,86,1
31,30,29,1
40,35,39,1
28,24,33,1
43,33,34,1
28,24,33,1
32,24,29,1
17,29,25,1
23,48,42,1
41,53,38,1
43,33,34,1
42,33,33,1
28,27,22,1
28,31,33,1
22,32,43,1
30,38,33,1
28,27,22,1
18,20,39,1
20,30,25,1
15,29,12,1
27,32,13,1
19,21,39,1
32,42,30,1
27,37,41,1
26,53,125,1
31,24,45,1
31,24,45,1
31,24,45,1
20,14,49,1
42,32,30,1
31,24,45,1
19,29,35,1
23,34,27,1
20,14,49,1
12,11,18,1
13,35,18,1
22,27,45,1
15,57,45,1
11,27,36,1
22,23,37,1
23,25,35,1
19,23,34,1
37,37,55,1
27,28,25,1
23,33,41,1
23,30,39,1
24,18,29,1
24,18,29,1
37,30,19,1
24,18,29,1
16,36,30,1
26,24,31,1
24,29,23,1
18,29,26,1
29,26,8,1
38,48,27,1
38,47,26,1
16,26,12,1
27,47,128,1
18,20,29,1
14,19,33,1
28,26,42,1
31,24,36,1
28,26,42,1
12,10,25,1
37,24,47,1
19,26,40,1
19,26,40,1
17,23,22,1
17,23,23,1
0,2,25,1
22,22,27,1
19,27,31,1
30,54,25,1
31,5,25,1
17,16,31,1
22,22,27,1
19,27,31,1
19,27,33,1
16,29,29,1
32,23,34,1
27,30,30,1
30,20,32,1
16,20,33,1
16,20,33,1
16,20,33,1
16,20,33,1
11,20,16,1
34,35,43,1
15,29,29,1
22,27,29,1
16,20,33,1
16,24,48,1
16,24,48,1
19,26,38,1
19,26,38,1
19,26,38,1
19,26,38,1
38,17,35,1
31,33,19,1
27,27,37,1
16,24,48,1
34,36,34,1
30,32,30,1
34,36,34,1
36,28,35,1
34,36,34,1
30,32,30,1
31,35,26,1
15,0,27,1
23,30,168,1
24,30,169,1
34,23,94,1
32,39,23,1
30,29,32,1
20,25,33,1
18,24,33,1
20,27,39,1
26,27,28,1
22,29,25,1
27,25,27,1
15,24,43,1
32,28,35,1
30,29,32,1
24,30,29,1
23,22,24,1
28,24,24,1
34,20,75,1
28,26,27,1
23,22,24,1
28,24,24,1
24,35,45,1
23,22,25,1
36,33,31,1
46,30,26,1
18,28,32,1
24,26,43,1
36,34,41,1
24,26,43,1
24,19,32,1
24,26,43,1
24,26,43,1
36,34,41,1
35,27,46,1
35,27,46,1
35,27,46,1
35,27,46,1
35,27,46,1
35,27,46,1
35,27,46,1
29,29,33,1
35,27,46,1
36,52,43,1
16,35,41,1
17,25,13,1
28,69,154,1
32,35,23,1
28,69,154,1
32,30,23,1
38,52,31,1
34,28,97,1
31,25,4,1
24,28,28,1
35,35,43,1
36,30,53,1
24,27,38,1
24,28,28,1
22,29,35,1
18,34,29,1
26,20,39,1
34,20,51,1
35,35,43,1
26,33,28,1
22,27,28,1
32,25,37,1
24,21,30,1
23,33,52,1
18,28,24,1
32,25,37,1
26,28,30,1
24,21,30,1
26,19,85,1
31,28,42,1
32,23,27,1
20,28,32,1
24,21,40,1
19,32,30,1
20,21,31,1
26,27,24,1
26,20,30,1
20,21,31,1
16,29,39,1
24,27,47,1
31,26,30,1
26,27,24,1
24,21,39,1
24,21,39,1
19,31,32,1
32,33,28,1
28,29,25,1
23,22,29,1
22,44,46,1
35,37,37,1
22,44,46,1
24,28,36,1
23,26,35,1
27,22,40,1
36,26,42,1
36,26,42,1
36,26,42,1
27,22,40,1
36,26,42,1
32,29,30,1
29,26,32,1
11,46,55,1
18,16,33,1
18,16,33,1
23,29,26,1
23,32,35,1
16,16,33,1
23,29,26,1
16,47,58,1
17,38,28,1
32,27,30,1
17,38,28,1
32,27,30,1
23,22,50,1
16,47,58,1
22,28,29,1
27,23,36,1
27,23,36,1
27,23,36,1
27,23,36,1
22,28,29,1
22,28,29,1
27,23,36,1
20,50,34,1
22,52,36,1
23,26,33,1
30,27,27,1
20,34,31,1
43,59,40,1
27,28,32,1
28,26,19,1
30,26,49,1
34,24,34,1
26,30,40,1
28,28,40,1
26,30,40,1
20,19,35,1
34,16,37,1
28,31,40,1
27,25,22,1
28,31,40,1
34,16,37,1
9,25,20,1
9,25,20,1
3,10,13,1
27,29,24,1
35,25,34,1
24,22,28,1
30,25,29,1
23,19,38,1
23,22,37,1
27,29,24,1
27,26,40,1
19,29,40,1
19,29,40,1
19,29,40,1
27,26,34,1
18,18,30,1
27,26,40,1
39,24,33,1
32,20,27,1
28,32,20,1
27,56,42,1
27,56,42,1
22,24,40,1
23,27,43,1
22,24,40,1
24,27,31,1
6,29,31,1
22,28,28,1
31,28,28,1
32,20,191,1
16,22,38,1
16,33,25,1
19,38,23,1
24,26,39,1
24,26,39,1
19,26,42,1
18,45,109,1
24,26,39,1
22,33,26,1
17,18,47,1
17,26,42,1
28,33,22,1
24,25,39,1
24,28,34,1
28,49,19,1
28,49,19,1
17,33,22,1
20,23,27,1
19,37,21,1
29,25,32,1
37,29,35,1
29,39,42,1
37,29,35,1
23,30,171,1
29,25,41,1
11,26,42,1
40,33,42,1
27,21,44,1
32,31,39,1
17,1,30,1
26,23,40,1
24,23,40,1
27,28,33,1
10,13,25,1
17,30,23,1
28,17,50,1
29,30,36,1
20,32,23,1
20,32,23,1
29,29,33,1
20,18,40,1
32,26,28,1
22,32,25,1
29,17,38,1
52,33,38,1
17,22,47,1
17,31,41,1
23,20,37,1
52,33,38,1
28,25,37,1
27,25,38,1
17,22,47,1
17,22,47,1
29,17,38,1
24,19,57,1
35,53,36,1
35,54,38,1
35,54,38,1
17,21,45,1
20,18,38,1
24,27,29,1
35,53,36,1
35,54,38,1
45,37,38,1
32,30,21,1
45,36,15,1
17,30,15,1
19,34,14,1
30,37,26,1
30,37,26,1
17,30,15,1
23,53,10,1
26,31,22,1
18,32,11,1
24,22,36,1
30,37,26,1
29,33,36,1
31,32,37,1
24,26,16,1
16,30,15,1
19,34,14,1
29,30,83,1
20,40,17,1
20,46,31,1
18,23,22,1
30,32,29,1
13,22,11,1
19,26,24,1
15,30,17,1
15,27,19,1
31,35,25,1
17,66,28,1
48,26,19,1
17,66,28,1
24,27,44,1
22,32,39,1
17,15,18,1
16,28,16,1
15,32,13,1
29,23,15,1
22,26,19,1
20,24,23,1
18,29,25,1
23,34,39,1
7,32,31,1
19,26,34,1
16,24,36,1
19,26,27,1
23,51,37,1
24,37,39,1
18,25,31,1
9,23,19,1
13,38,18,1
42,35,24,1
24,33,39,1
13,38,18,1
24,30,30,1
31,77,31,1
28,30,25,1
26,31,42,1
17,30,24,1
32,30,26,1
28,29,58,1
28,0,22,1
26,31,42,1
26,33,16,1
45,34,32,1
30,35,19,1
24,34,33,1
9,18,21,1
29,29,26,1
26,32,25,1
30,32,29,1
27,30,22,1
22,27,21,1
19,4,21,1
18,36,19,1
18,36,23,1
17,21,30,1
17,20,29,1
32,18,83,1
20,28,21,1
35,37,28,1
11,18,25,1
20,28,21,1
24,12,49,1
24,19,27,1
37,38,36,1
26,22,25,1
27,30,27,1
24,25,21,1
45,23,23,1
23,84,23,1
20,37,30,1
20,37,30,1
15,34,30,1
16,32,30,1
27,39,30,1
23,84,23,1
22,41,32,1
17,38,27,1
17,15,22,1
26,25,37,1
19,41,25,1
26,25,37,1
30,26,38,1
19,41,25,1
27,36,24,1
16,30,19,1
26,35,32,1
29,22,24,1
9,34,23,1
18,28,26,1
17,29,31,1
28,21,106,1
16,6,31,1
15,6,31,1
16,25,22,1
20,47,40,1
23,28,24,1
19,41,37,1
19,41,37,1
19,41,37,1
19,41,37,1
32,25,25,1
27,25,29,1
27,41,16,1
42,41,37,1
35,36,17,1
19,33,25,1
20,34,23,1
35,36,17,1
24,53,46,1
20,34,23,1
19,33,25,1
18,33,38,1
27,49,24,1
8,14,25,1
8,14,25,1
19,52,17,1
17,29,23,1
16,37,29,1
26,32,34,1
19,52,17,1
27,49,24,1
6,14,25,1
29,4,47,1
15,37,14,1
29,33,16,1
26,32,30,1
19,34,25,1
34,32,51,1
29,4,47,1
28,32,24,1
28,32,24,1
28,32,24,1
28,32,24,1
30,31,32,1
19,32,42,1
28,32,24,1
30,31,32,1
28,32,21,1
20,40,19,1
28,32,21,1
31,74,151,1
29,33,30,1
29,33,30,1
24,9,33,1
24,9,33,1
18,28,26,1
23,50,42,1
16,16,42,1
20,40,20,1
15,16,40,1
34,28,23,1
18,31,22,1
13,31,19,1
13,16,40,1
16,16,42,1
24,28,29,1
20,40,20,1
28,32,23,1
14,38,22,1
7,38,63,1
11,15,32,1
28,32,23,1
27,32,33,1
20,33,25,1
19,28,42,1
24,46,39,1
20,33,25,1
30,33,27,1
23,48,24,1
19,28,42,1
34,31,24,1
29,43,39,1
41,60,37,1
12,38,20,1
12,38,20,1
11,22,19,1
14,31,15,1
19,36,31,1
19,36,31,1
20,32,20,1
14,25,18,1
14,31,15,1
19,46,39,1
20,31,23,1
19,32,24,1
19,37,21,1
9,19,32,1
20,25,36,1
23,50,32,1
15,50,18,1
20,24,39,1
22,25,40,1
19,37,21,1
35,62,22,1
10,36,24,1
14,26,21,1
24,35,32,1
27,73,16,1
19,26,24,1
19,26,24,1
26,35,29,1
27,26,41,1
27,26,41,1
22,27,24,1
18,30,26,1
12,25,20,1
18,29,35,1
11,34,27,1
24,25,44,1
27,25,41,1
29,30,36,1
29,30,36,1
29,30,36,1
29,30,36,1
24,45,46,1
11,31,37,1
32,34,34,1
9,40,65,1
17,40,65,1
18,32,23,1
17,19,20,1
19,0,26,1
17,9,31,1
15,10,32,1
28,50,34,1
28,50,34,1
24,31,34,1
30,29,27,1
3,39,19,1
1,40,19,1
24,31,34,1
14,33,26,1
22,42,25,1
28,50,34,1
6,0,25,1
19,32,153,1
19,30,152,1
24,29,24,1
24,29,24,1
16,32,32,1
18,19,31,1
22,20,36,1
19,33,28,1
24,29,24,1
17,34,26,1
24,50,27,1
19,46,22,1
10,34,23,1
27,9,40,1
19,30,28,1
35,67,42,1
19,24,42,1
13,40,43,1
31,42,64,1
10,33,16,1
17,50,116,1
16,35,15,1
22,1,30,1
20,20,21,1
17,25,20,1
19,40,10,1
16,35,15,1
17,50,116,1
31,47,32,1
29,48,25,1
26,34,43,1
24,35,31,1
19,29,35,1
19,29,35,1
28,33,25,1
24,35,31,1
19,33,21,1
17,27,51,1
17,26,47,1
18,26,46,1
15,28,20,1
18,30,22,1
15,26,24,1
28,36,85,1
26,38,20,1
12,24,27,1
11,15,27,1
29,36,18,1
16,25,39,1
22,57,32,1
15,25,35,1
7,23,33,1
27,29,122,1
10,30,37,1
3,9,27,1
31,35,37,1
24,44,44,1
31,35,37,1
24,44,44,1
22,38,33,1
11,23,36,1
22,29,30,1
32,39,47,1
32,39,47,1
37,33,32,1
24,51,44,1
19,34,34,1
19,33,35,1
14,29,16,1
18,30,41,1
22,32,25,1
19,23,55,1
22,35,35,1
16,21,37,1
12,34,20,1
17,31,35,1
27,33,21,1
20,28,10,1
9,40,4,1
19,41,21,1
16,32,19,1
15,36,37,1
36,26,24,1
22,42,27,1
18,0,21,1
22,2,24,1
27,40,35,1
27,40,35,1
9,27,19,1
14,13,26,1
8,17,24,1
26,38,37,1
27,40,35,1
22,28,17,1
22,22,12,1
29,36,41,1
8,27,19,1
20,29,25,1
16,32,27,1
26,38,21,1
22,29,28,1
27,36,36,1
26,19,30,1
14,30,11,1
19,38,9,1
36,0,65,0
40,0,87,0
40,4,81,0
74,56,64,0
36,0,65,0
36,0,64,0
41,6,58,0
35,0,54,0
40,2,62,0
37,36,60,0
28,8,86,0
37,36,60,0
15,0,78,0
40,29,103,0
51,18,154,0
51,19,148,0
47,56,81,0
43,28,201,0
36,8,75,0
41,51,196,0
51,48,66,0
38,31,71,0
41,21,95,0
47,11,73,0
30,14,74,0
23,16,69,0
38,24,69,0
41,21,95,0
32,0,69,0
40,0,71,0
28,7,78,0
30,0,94,0
45,12,72,0
30,12,62,0
11,25,92,0
40,0,75,0
40,14,75,0
43,28,55,0
16,9,150,0
35,36,63,0
35,36,63,0
50,30,77,0
37,20,194,0
43,22,58,0
29,2,39,0
5,15,43,0
39,43,103,0
49,52,102,0
24,23,55,0
15,37,63,0
50,26,63,0
27,4,58,0
27,4,57,0
48,36,70,0
38,15,99,0
39,4,73,0
64,57,59,0
37,12,100,0
40,18,65,0
35,31,63,0
50,40,68,0
39,49,104,0
37,16,74,0
31,5,70,0
34,5,75,0
34,5,75,0
37,11,68,0
27,7,65,0
55,57,63,0
42,5,63,0
39,8,65,0
39,23,77,0
39,22,73,0
45,26,73,0
59,54,83,0
50,64,82,0
50,64,82,0
29,0,93,0
28,12,75,0
45,20,69,0
22,20,58,0
40,70,210,0
36,47,75,0
35,26,204,0
23,48,58,0
30,15,65,0
48,28,99,0
39,26,51,0
55,44,96,0
31,8,65,0
41,26,68,0
48,28,99,0
48,29,99,0
39,26,51,0
9,4,34,0
6,17,47,0
29,0,91,0
31,25,59,0
38,6,68,0
43,18,69,0
45,30,73,0
40,30,64,0
43,18,69,0
43,22,66,0
34,24,59,0
43,22,66,0
40,68,211,0
22,31,77,0
42,53,80,0
43,52,111,0
40,19,93,0
46,9,73,0
46,10,74,0
63,44,69,0
40,19,93,0
56,31,79,0
45,28,66,0
40,12,71,0
50,4,108,0
31,8,86,0
35,9,155,0
50,4,108,0
35,0,64,0
42,0,69,0
40,17,71,0
52,4,129,0
44,0,70,0
43,0,71,0
42,16,54,0
20,15,61,0
42,56,107,0
15,9,38,0
15,9,38,0
27,1,49,0
41,5,73,0
46,11,79,0
45,15,78,0
34,36,70,0
40,19,70,0
40,19,70,0
46,11,79,0
45,15,78,0
11,0,39,0
23,8,55,0
11,0,39,0
43,55,106,0
17,2,76,0
38,26,180,0
30,10,63,0
44,44,78,0
35,47,66,0
54,86,212,0
37,3,84,0
37,3,84,0
32,42,59,0
32,42,60,0
32,42,59,0
32,42,60,0
32,0,62,0
29,18,68,0
38,3,79,0
38,2,61,0
40,4,65,0
36,26,59,0
35,26,59,0
40,48,89,0
29,10,74,0
35,3,61,0
29,7,78,0
37,24,200,0
41,3,47,0
42,17,62,0
42,17,62,0
36,5,57,0
35,21,69,0
30,4,74,0
35,21,69,0
37,42,76,0
31,0,57,0
50,14,56,0
50,14,56,0
51,49,190,0
34,2,65,0
29,20,66,0
28,21,68,0
51,57,100,0
36,48,71,0
39,10,73,0
41,33,73,0
41,32,71,0
44,35,66,0
24,25,63,0
29,12,88,0
38,21,60,0
38,21,60,0
40,33,63,0
35,30,63,0
77,60,56,0
13,8,35,0
30,6,50,0
58,47,45,0
50,48,86,0
29,11,64,0
31,35,77,0
31,36,78,0
90,74,84,0
90,74,84,0
40,31,58,0
40,28,89,0
72,58,43,0
59,60,28,0
42,24,72,0
78,64,48,0
44,26,49,0
40,8,81,0
31,49,49,0
49,16,90,0
43,22,61,0
37,19,65,0
40,33,69,0
40,37,71,0
36,26,90,0
29,4,46,0
48,25,72,0
46,36,78,0
39,25,62,0
51,50,195,0
52,14,78,0
39,25,62,0
30,25,70,0
11,4,43,0
42,6,67,0
47,20,79,0
30,25,70,0
44,9,54,0
34,0,86,0
34,0,86,0
34,0,86,0
34,0,86,0
44,9,54,0
51,37,188,0
82,56,82,0
39,10,91,0
102,44,64,0
102,44,64,0
35,0,73,0
32,7,64,0
44,17,61,0
39,6,63,0
35,0,73,0
70,44,52,0
32,0,63,0
73,48,79,0
39,42,81,0
32,0,63,0
42,23,62,0
56,37,64,0
27,0,64,0
39,76,213,0
62,47,74,0
41,23,66,0
31,4,76,0
42,3,59,0
41,23,66,0
87,49,53,0
80,52,60,0
43,0,85,0
41,46,67,0
30,4,66,0
77,51,93,0
41,6,76,0
77,51,93,0
71,58,60,0
46,20,65,0
37,18,77,0
41,6,76,0
30,4,66,0
77,51,93,0
65,45,62,0
51,32,76,0
76,44,60,0
39,68,199,0
38,12,56,0
51,32,76,0
61,7,91,0
61,7,91,0
82,55,62,0
37,12,81,0
49,9,80,0
78,53,94,0
49,9,80,0
72,48,197,0
66,23,80,0
30,25,87,0
94,52,83,0
70,46,62,0
68,37,75,0
32,6,72,0
34,2,83,0
30,6,69,0
37,6,75,0
73,48,57,0
45,12,81,0
36,12,160,0
46,60,101,0
65,48,52,0
38,32,71,0
65,42,172,0
65,44,173,0
36,38,51,0
65,48,52,0
41,24,61,0
52,31,82,0
48,30,65,0
36,29,76,0
32,29,85,0
58,23,91,0
58,12,71,0
60,39,72,0
58,12,71,0
60,39,72,0
55,26,79,0
40,5,68,0
65,42,79,0
62,20,60,0
62,20,60,0
78,66,110,0
65,50,96,0
95,62,71,0
69,39,50,0
64,64,111,0
64,64,111,0
42,28,55,0
46,8,94,0
41,1,67,0
81,53,117,0
51,45,41,0
40,32,69,0
86,58,92,0
87,54,71,0
84,50,55,0
68,48,54,0
71,47,107,0
71,47,107,0
81,50,71,0
31,0,56,0
27,2,61,0
98,67,82,0
58,31,78,0
53,0,82,0
69,22,96,0
53,0,85,0
39,0,79,0
96,78,109,0
20,40,55,0
28,1,67,0
77,52,69,0
67,66,105,0
81,66,98,0
88,66,77,0
44,23,88,0
48,31,75,0
81,66,61,0
87,63,60,0
90,66,72,0
62,50,96,0
90,66,72,0
66,61,65,0
65,52,140,0
56,53,63,0
30,2,52,0
41,40,45,0
53,48,56,0
36,22,95,0
99,63,78,0
77,71,113,0
77,50,67,0
56,53,63,0
76,66,77,0
45,38,83,0
45,42,69,0
97,68,74,0
45,42,69,0
45,42,69,0
39,28,76,0
36,7,79,0
40,26,77,0
45,15,68,0
40,26,77,0
58,31,85,0
15,5,34,0
97,68,74,0
57,52,71,0
46,61,101,0
89,65,52,0
82,76,55,0
27,2,111,0
77,59,76,0
77,59,76,0
49,22,53,0
27,2,111,0
39,30,48,0
84,54,74,0
76,49,74,0
39,5,64,0
49,46,48,0
60,47,52,0
82,66,82,0
66,58,152,0
87,49,59,0
52,34,69,0
53,35,69,0
32,16,89,0
61,53,86,0
50,34,76,0
48,24,106,0
68,64,100,0
31,12,80,0
81,51,110,0
29,0,55,0
57,33,78,0
27,3,48,0
39,20,36,0
67,47,55,0
39,20,36,0
27,3,48,0
24,8,34,0
57,22,66,0
53,33,59,0
90,63,77,0
67,47,55,0
40,35,63,0
81,69,67,0
85,63,80,0
66,55,65,0
85,63,80,0
42,30,49,0
73,73,55,0
66,55,65,0
31,18,51,0
88,72,61,0
81,65,57,0
104,76,89,0
62,49,66,0
12,1,43,0
57,10,68,0
87,60,70,0
55,29,116,0
48,22,89,0
81,69,84,0
81,69,84,0
46,53,206,0
29,3,73,0
66,63,73,0
31,40,52,0
75,67,75,0
51,39,84,0
54,21,86,0
66,63,73,0
78,66,63,0
54,52,72,0
45,22,76,0
72,68,74,0
43,70,87,0
77,54,73,0
62,40,87,0
65,42,58,0
50,45,54,0
76,69,79,0
49,2,59,0
92,65,82,0
58,42,70,0
87,55,72,0
61,55,51,0
67,51,69,0
58,24,76,0
55,41,80,0
66,49,64,0
58,24,76,0
56,11,66,0
68,39,58,0
56,56,69,0
68,59,134,0
68,60,134,0
68,68,103,0
64,39,43,0
64,39,43,0
64,36,42,0
78,55,70,0
55,40,62,0
55,27,67,0
54,50,44,0
51,51,41,0
49,31,75,0
26,23,40,0
69,53,59,0
40,25,70,0
34,32,79,0
69,53,59,0
49,31,75,0
40,25,70,0
66,73,63,0
66,73,63,0
67,47,67,0
67,42,66,0
64,63,61,0
66,46,64,0
74,55,73,0
62,31,79,0
94,75,73,0
86,49,62,0
62,31,79,0
69,48,114,0
67,64,96,0
67,64,96,0
47,49,111,0
87,49,89,0
66,49,164,0
71,49,77,0
35,49,77,0
60,49,77,0
38,49,77,0
44,49,88,0
55,49,74,0
54,49,75,0
66,24,94,0
35,49,77,0
31,49,86,0
44,49,73,0
61,24,66,0
53,24,67,0
81,49,87,0
81,49,87,0
65,24,61,0
62,24,91,0
53,24,67,0
61,24,66,0
43,24,73,0
91,49,55,0
74,74,89,0
54,24,90,0
57,49,53,0
55,24,59,0
74,24,74,0
101,74,64,0
53,49,83,0
37,24,67,0
68,49,56,0
86,49,68,0
52,49,149,0
29,1,63,0
56,24,81,0
57,24,81,0
9,24,39,0
103,49,84,0
103,49,84,0
71,49,107,0
104,49,84,0
71,49,107,0
92,49,74,0
89,49,64,0
52,49,67,0
52,49,83,0
38,49,81,0
92,49,74,0
89,49,64,0
49,24,177,0
49,24,177,0
60,49,186,0
22,24,84,0
77,49,59,0
22,24,84,0
64,49,64,0
67,49,59,0
68,49,67,0
85,49,68,0
61,24,92,0
50,49,72,0
50,49,74,0
68,49,52,0
85,49,78,0
85,49,78,0
79,49,72,0
82,49,63,0
80,49,82,0
38,24,80,0
73,49,83,0
35,24,97,0
9,24,49,0
64,49,48,0
52,49,73,0
27,49,59,0
52,49,73,0
61,58,83,0
41,17,85,0
51,41,75,0
86,51,48,0
81,58,60,0
47,18,67,0
89,45,71,0
44,27,77,0
93,52,60,0
39,0,70,0
93,52,60,0
45,13,85,0
45,13,74,0
56,48,61,0
50,41,81,0
63,37,99,0
23,19,64,0
50,54,72,0
93,55,70,0
37,0,66,0
44,38,47,0
54,18,131,0
58,50,68,0
58,50,68,0
77,51,68,0
76,50,111,0
75,41,77,0
45,24,65,0
44,23,67,0
62,22,69,0
41,25,66,0
29,0,113,0
29,0,113,0
50,29,87,0
50,29,87,0
49,26,86,0
38,23,100,0
49,26,86,0
66,54,94,0
38,14,76,0
63,22,94,0
41,21,62,0
49,0,54,0
58,28,75,0
57,27,73,0
39,12,126,0
51,35,56,0
61,45,60,0
57,44,60,0
61,45,60,0
57,44,60,0
61,45,60,0
40,10,104,0
35,5,96,0
45,1,59,0
49,30,55,0
28,27,57,0
69,39,95,0
60,25,93,0
105,65,85,0
56,59,68,0
48,47,63,0
59,17,76,0
69,39,95,0
82,59,62,0
34,7,63,0
32,2,85,0
34,7,63,0
37,31,69,0
34,6,65,0
63,46,39,0
83,52,81,0
56,14,73,0
45,36,176,0
75,45,71,0
62,43,48,0
75,45,71,0
30,24,72,0
44,21,63,0
60,34,68,0
44,21,63,0
70,41,73,0
55,39,53,0
70,41,73,0
48,11,73,0
45,10,70,0
70,45,49,0
94,58,59,0
42,23,83,0
47,31,67,0
43,23,48,0
60,32,67,0
43,23,48,0
32,18,59,0
53,23,84,0
39,4,28,0
43,48,138,0
36,0,86,0
54,24,76,0
48,51,209,0
52,32,73,0
52,31,73,0
10,2,23,0
31,2,55,0
31,2,55,0
56,28,76,0
80,55,60,0
68,43,65,0
31,2,55,0
31,2,56,0
37,48,62,0
53,4,67,0
46,15,62,0
31,8,82,0
36,19,66,0
40,12,57,0
59,47,51,0
68,43,69,0
51,34,82,0
49,0,73,0
42,36,64,0
61,28,67,0
34,18,58,0
42,36,64,0
38,11,68,0
46,4,71,0
32,0,75,0
46,4,71,0
51,24,83,0
38,8,73,0
32,30,42,0
37,10,75,0
52,17,66,0
43,9,73,0
24,2,56,0
24,2,56,0
24,3,60,0
57,66,203,0
51,13,77,0
35,3,81,0
31,34,71,0
39,20,64,0
39,10,101,0
39,10,101,0
44,0,82,0
52,23,81,0
52,0,77,0
45,29,64,0
54,24,67,0
26,0,54,0
78,58,85,0
73,54,84,0
35,18,59,0
44,38,69,0
48,40,72,0
34,18,60,0
35,18,59,0
45,10,78,0
45,10,78,0
38,13,86,0
45,10,78,0
40,68,208,0
40,7,47,0
23,1,46,0
43,0,73,0
43,0,73,0
50,21,81,0
52,25,64,0
55,26,85,0
50,0,58,0
55,26,85,0
53,11,82,0
54,10,80,0
50,18,78,0
37,32,92,0
32,2,71,0
41,1,65,0
32,2,71,0
56,26,71,0
57,27,71,0
41,29,138,0
41,30,138,0
34,0,91,0
30,18,184,0
30,17,183,0
45,30,68,0
32,3,65,0
31,0,161,0
26,14,103,0
52,5,70,0
26,14,103,0
32,1,66,0
61,41,72,0
61,41,72,0
62,24,68,0
62,24,68,0
48,17,88,0
36,43,71,0
50,17,73,0
32,2,70,0
39,0,44,0
63,54,54,0
70,30,119,0
49,31,115,0
55,44,27,0
56,34,71,0
56,34,71,0
34,8,71,0
48,9,57,0
10,0,33,0
39,8,103,0
46,22,73,0
44,40,41,0
46,39,30,0
44,40,41,0
36,12,143,0
38,31,59,0
35,10,57,0
91,55,61,0
70,33,88,0
30,24,91,0
88,54,92,0
70,33,88,0
60,19,70,0
70,42,73,0
32,0,60,0
53,15,86,0
31,0,88,0
8,0,37,0
28,13,65,0
28,13,65,0
32,28,57,0
32,14,65,0
37,34,39,0
32,14,65,0
40,9,54,0
18,8,60,0
37,7,47,0
18,8,60,0
66,42,128,0
78,44,130,0
50,26,77,0
38,10,55,0
28,28,1,0
28,28,1,0
63,35,64,0
19,4,81,0
73,47,74,0
27,0,104,0
68,45,108,0
32,35,77,0
61,46,51,0
24,21,70,0
24,21,70,0
36,16,67,0
24,21,70,0
24,21,69,0
55,44,74,0
55,44,74,0
42,32,69,0
55,39,69,0
55,39,69,0
38,2,60,0
55,39,69,0
44,34,62,0
79,47,43,0
29,22,63,0
34,6,66,0
17,66,28,0
37,32,56,0
34,6,67,0
34,6,66,0
34,7,66,0
29,22,60,0
30,23,61,0
29,22,63,0
38,3,69,0
39,1,53,0
30,3,75,0
35,24,56,0
53,37,56,0
66,46,93,0
50,40,98,0
32,0,56,0
39,1,53,0
50,19,83,0
34,4,65,0
54,18,67,0
38,0,57,0
46,29,162,0
34,4,65,0
50,19,83,0
51,14,75,0
52,12,72,0
69,38,55,0
29,0,61,0
69,34,101,0
34,24,60,0
34,3,67,0
63,23,71,0
34,3,67,0
34,3,69,0
32,1,69,0
45,39,67,0
32,1,69,0
45,39,67,0
45,2,73,0
51,36,45,0
36,10,69,0
36,10,69,0
29,6,49,0
29,6,49,0
54,20,70,0
34,27,73,0
20,0,68,0
36,13,67,0
35,39,48,0
55,48,119,0
53,46,103,0
62,44,54,0
56,46,83,0
35,39,48,0
48,40,68,0
12,19,142,0
29,31,73,0
46,32,70,0
46,12,61,0
58,37,80,0
46,32,70,0
46,12,61,0
29,31,73,0
48,27,44,0
48,36,53,0
56,33,50,0
46,19,82,0
48,27,44,0
49,38,52,0
27,1,69,0
36,1,63,0
38,29,67,0
36,1,63,0
27,1,69,0
50,38,49,0
50,38,49,0
82,50,60,0
34,38,57,0
22,17,62,0
58,52,63,0
61,49,71,0
63,40,81,0
60,34,83,0
45,49,79,0
64,42,60,0
64,58,81,0
45,48,82,0
51,45,64,0
51,45,64,0
51,45,64,0
45,48,82,0
44,40,47,0
64,48,41,0
38,40,71,0
47,52,79,0
52,52,100,0
57,52,77,0
24,12,109,0
42,5,78,0
47,27,47,0
32,14,67,0
27,2,104,0
50,39,89,0
47,27,47,0
45,40,54,0
52,41,92,0
47,20,86,0
52,43,57,0
28,9,68,0
66,48,55,0
66,48,55,0
63,50,93,0
47,44,68,0
50,41,62,0
34,30,72,0
34,30,72,0
46,29,98,0
31,32,50,0
84,49,64,0
53,30,54,0
57,26,68,0
35,32,59,0
53,30,54,0
84,49,64,0
36,0,53,0
60,39,55,0
32,30,69,0
39,12,86,0
59,40,62,0
39,12,86,0
32,28,71,0
26,10,65,0
32,28,71,0
62,45,81,0
39,6,68,0
15,0,76,0
15,0,76,0
51,34,39,0
24,0,44,0
37,30,51,0
61,38,47,0
53,33,52,0
29,32,56,0
44,29,70,0
29,32,56,0
53,33,52,0
53,34,53,0
51,40,99,0
58,36,105,0
51,45,56,0
51,31,77,0
39,15,91,0
37,0,81,0
42,16,109,0
67,46,64,0
51,40,57,0
42,37,38,0
42,37,38,0
31,14,67,0
75,66,112,0
75,66,112,0
31,9,51,0
44,42,87,0
39,1,77,0
48,0,84,0
41,32,55,0
24,0,54,0
34,21,64,0
39,1,77,0
32,0,80,0
35,1,82,0
43,0,84,0
37,8,78,0
51,18,66,0
63,34,74,0
38,34,71,0
35,10,63,0
49,41,67,0
51,21,77,0
36,0,77,0
30,19,68,0
51,21,77,0
57,41,58,0
24,33,35,0
30,0,59,0
38,0,65,0
32,17,71,0
55,36,70,0
55,36,73,0
32,17,71,0
47,59,207,0
15,5,62,0
45,42,59,0
44,27,84,0
44,27,84,0
51,53,90,0
38,25,93,0
61,57,82,0
51,53,90,0
78,57,63,0
53,50,60,0
42,44,87,0
64,65,64,0
44,9,56,0
39,18,72,0
27,8,59,0
73,53,49,0
73,53,49,0
42,35,75,0
55,45,46,0
37,20,87,0
34,26,72,0
42,33,77,0
37,20,87,0
53,34,60,0
61,56,62,0
48,65,69,0
48,65,69,0
41,68,39,0
65,56,36,0
41,68,39,0
34,30,62,0
49,45,61,0
34,30,62,0
29,8,63,0
47,40,44,0
41,42,46,0
78,54,84,0
78,54,84,0
62,54,72,0
41,42,75,0
31,9,70,0
54,36,68,0
27,9,106,0
56,47,76,0
27,9,106,0
48,38,85,0
42,45,174,0
48,38,85,0
46,42,61,0
36,27,60,0
20,9,67,0
36,27,60,0
42,34,62,0
23,28,37,0
44,42,58,0
53,41,57,0
43,10,79,0
70,43,149,0
45,0,59,0
13,27,81,0
41,41,45,0
51,39,63,0
9,50,35,0
31,7,80,0
31,7,80,0
31,7,80,0
32,12,54,0
15,0,55,0
41,34,65,0
27,0,51,0
23,0,44,0
69,37,70,0
26,0,85,0
50,35,44,0
17,26,52,0
23,0,61,0
62,33,84,0
67,35,81,0
53,0,47,0
18,21,34,0
36,34,64,0
34,7,78,0
47,35,50,0
42,43,56,0
66,45,69,0
66,45,69,0
37,15,93,0
44,24,68,0
35,30,69,0
44,32,69,0
30,11,32,0
31,30,54,0
35,23,55,0
44,43,65,0
40,12,155,0
62,45,60,0
40,42,75,0
62,47,50,0
44,32,56,0
20,23,33,0
45,25,107,0
58,35,72,0
27,0,89,0
45,25,107,0
47,51,60,0
10,18,31,0
28,43,65,0
64,43,99,0
68,57,76,0
50,43,65,0
47,42,64,0
52,24,67,0
52,24,67,0
47,50,202,0
61,26,100,0
44,39,63,0
26,27,56,0
38,29,75,0
54,34,51,0
32,0,67,0
59,46,63,0
38,31,68,0
38,31,68,0
26,0,84,0
26,3,68,0
32,0,41,0
15,0,30,0
44,33,65,0
44,33,65,0
60,43,57,0
64,40,57,0
29,7,59,0
28,23,69,0
31,30,74,0
27,3,68,0
31,30,74,0
28,23,69,0
50,5,64,0
53,57,69,0
26,0,144,0
34,37,52,0
24,0,144,0
31,12,103,0
22,22,67,0
41,23,65,0
39,21,58,0
39,26,41,0
41,23,65,0
39,21,58,0
41,36,54,0
48,39,57,0
61,19,100,0
34,46,63,0
34,46,63,0
34,46,63,0
61,55,122,0
34,46,63,0
22,43,60,0
29,2,67,0
27,15,65,0
29,2,67,0
58,42,60,0
64,46,70,0
50,46,84,0
41,31,68,0
44,37,46,0
44,31,71,0
52,40,33,0
71,52,119,0
71,52,119,0
43,22,67,0
67,47,63,0
88,49,69,0
54,23,80,0
37,3,69,0
52,25,93,0
10,0,33,0
38,29,64,0
39,34,55,0
40,1,63,0
38,29,64,0
64,37,46,0
32,1,48,0
19,32,43,0
40,0,59,0
32,1,48,0
43,0,70,0
26,0,46,0
37,20,65,0
60,39,68,0
52,41,47,0
45,22,71,0
18,25,56,0
36,19,71,0
36,7,75,0
36,19,71,0
30,33,70,0
32,1,68,0
32,1,68,0
37,14,66,0
32,0,112,0
41,0,85,0
40,6,68,0
20,2,58,0
37,22,71,0
31,28,74,0
29,0,112,0
29,0,112,0
48,68,205,0
23,0,72,0
60,38,70,0
44,0,78,0
47,32,55,0
34,5,70,0
34,5,70,0
66,50,57,0
30,31,68,0
14,3,33,0
9,1,37,0
35,20,38,0
18,0,66,0
37,20,62,0
40,13,91,0
42,22,64,0
47,40,39,0
31,0,103,0
42,22,64,0
60,39,51,0
32,20,66,0
32,20,66,0
41,0,73,0
49,28,85,0
31,19,60,0
75,50,79,0
32,44,57,0
42,8,45,0
31,30,57,0
31,30,57,0
38,0,89,0
44,10,62,0
18,13,45,0
37,0,73,0
44,10,62,0
27,0,82,0
27,0,82,0
34,14,53,0
16,0,52,0
38,0,123,0
11,0,69,0
28,7,89,0
53,32,53,0
42,44,70,0
38,21,76,0
37,26,62,0
59,32,77,0
29,9,57,0
59,32,77,0
31,10,60,0
37,26,62,0
26,15,53,0
42,21,72,0
31,21,75,0
31,21,75,0
37,27,72,0
13,0,30,0
61,46,80,0
37,27,72,0
53,68,207,0
59,34,83,0
9,0,30,0
53,42,47,0
53,39,49,0
28,24,66,0
28,24,66,0
28,24,66,0
28,24,66,0
26,11,62,0
36,26,72,0
36,26,72,0
40,26,96,0
46,10,64,0
53,22,68,0
34,0,144,0
27,2,58,0
19,0,46,0
19,0,46,0
19,0,46,0
37,2,73,0
37,2,73,0
37,2,73,0
38,2,74,0
37,2,73,0
77,48,66,0
44,24,52,0
20,1,45,0
34,3,67,0
34,3,67,0
30,0,70,0
52,29,58,0
34,1,54,0
38,3,75,0
38,3,75,0
34,3,66,0
20,25,75,0
20,25,73,0
35,24,67,0
36,17,146,0
78,40,80,0
54,31,101,0
45,14,82,0
78,40,80,0
42,27,69,0
34,2,85,0
40,9,104,0
35,8,83,0
30,30,77,0
42,32,68,0
27,0,58,0
49,51,208,0
37,56,135,0
49,51,208,0
39,27,99,0
29,0,189,0
34,26,72,0
44,20,75,0
11,26,79,0
34,15,67,0
37,2,66,0
37,2,66,0
29,9,63,0
42,22,69,0
42,22,69,0
32,15,96,0
42,25,65,0
36,7,89,0
36,7,89,0
27,31,72,0
28,2,69,0
19,0,57,0
42,22,83,0
32,6,59,0
42,25,67,0
24,14,59,0
48,10,81,0
49,10,79,0
35,26,69,0
31,12,72,0
34,0,57,0
41,21,69,0
41,21,69,0
38,42,41,0
34,33,50,0
42,39,71,0
39,30,51,0
44,34,51,0
19,0,53,0
43,36,37,0
19,0,53,0
27,0,71,0
24,40,60,0
44,34,51,0
61,25,93,0
62,59,66,0
22,0,54,0
62,59,66,0
35,33,53,0
40,1,66,0
39,21,66,0
40,1,66,0
37,18,68,0
31,0,68,0
24,9,112,0
45,37,65,0
45,37,65,0
39,37,35,0
38,33,67,0
40,0,61,0
41,40,38,0
36,24,55,0
38,31,58,0
18,0,31,0
20,16,58,0
64,37,173,0
64,37,173,0
62,38,147,0
29,29,59,0
31,0,41,0
35,2,61,0
34,32,51,0
36,19,83,0
30,2,67,0
30,20,47,0
35,2,61,0
36,19,83,0
30,2,67,0
29,0,69,0
30,1,69,0
34,31,45,0
34,32,51,0
40,44,93,0
27,2,51,0
38,33,63,0
79,63,62,0
26,0,41,0
19,6,39,0
38,33,63,0
46,40,56,0
41,35,43,0
24,9,43,0
22,0,49,0
29,3,64,0
30,1,65,0
29,10,52,0
29,10,52,0
35,32,51,0
28,8,56,0
35,32,51,0
35,5,50,0
62,11,73,0
28,8,56,0
38,60,62,0
20,8,60,0
61,50,167,0
12,11,37,0
61,50,167,0
12,11,37,0
32,5,71,0
44,60,93,0
15,3,69,0
44,60,93,0
34,54,103,0
43,44,31,0
29,6,49,0
31,16,63,0
29,21,59,0
19,5,55,0
15,4,38,0
22,10,37,0
32,49,28,0
15,4,38,0
22,6,39,0
39,26,78,0
24,9,55,0
31,2,69,0
39,26,78,0
30,3,43,0
27,4,57,0
30,3,43,0
37,4,65,0
40,29,72,0
35,18,67,0
22,39,66,0
37,57,95,0
28,2,67,0
29,5,59,0
37,57,95,0
32,60,63,0
41,40,51,0
24,21,36,0
32,4,57,0
24,4,50,0
24,15,67,0
30,21,63,0
30,21,63,0
20,25,60,0
26,6,52,0
36,46,103,0
27,8,95,0
26,6,52,0
30,20,71,0
20,25,60,0
29,25,65,0
19,19,64,0
28,8,53,0
29,8,53,0
32,7,60,0
41,49,85,0
32,8,52,0
27,9,52,0
20,10,70,0
34,13,47,0
42,30,63,0
27,14,53,0
31,13,64,0
20,8,66,0
13,8,48,0
22,9,70,0
34,32,54,0
22,8,60,0
36,29,43,0
28,2,53,0
73,42,53,0
46,43,52,0
26,33,48,0
31,2,61,0
23,10,37,0
74,50,88,0
36,30,63,0
32,0,76,0
32,0,72,0
23,1,92,0
35,0,69,0
27,2,51,0
31,17,54,0
27,4,55,0
27,2,51,0
30,33,179,0
40,26,69,0
40,26,69,0
40,26,69,0
34,13,65,0
34,13,65,0
34,13,65,0
28,2,50,0
28,64,48,0
34,13,65,0
31,13,66,0
22,14,45,0
24,53,178,0
24,14,27,0
35,32,58,0
19,20,64,0
15,77,63,0
37,40,49,0
42,63,70,0
22,15,65,0
29,15,107,0
22,9,42,0
36,33,57,0
22,9,42,0
20,10,42,0
22,29,63,0
28,44,50,0
34,44,55,0
37,41,54,0
17,11,55,0
34,33,57,0
27,20,62,0
23,15,66,0
13,9,78,0
23,13,65,0
29,8,57,0
22,8,79,0
18,10,51,0
23,13,65,0
18,12,64,0
19,47,56,0
